"id","species","site","lday","bday","chilling","warm","photo","treatcode","risk"
"ACEPEN01_HF_01","ACEPEN","HF",43,13,2,15,12,"CL2",30
"ACEPEN01_HF_02","ACEPEN","HF",52,15,1,15,8,"CS1",37
"ACEPEN01_HF_03","ACEPEN","HF",48,20,0,15,12,"CL0",28
"ACEPEN01_HF_04","ACEPEN","HF",41,24,2,20,8,"WS2",17
"ACEPEN01_HF_05","ACEPEN","HF",34,18,0,20,8,"WS0",16
"ACEPEN01_HF_06","ACEPEN","HF",NA,17,2,15,8,"CS2",NA
"ACEPEN01_HF_07","ACEPEN","HF",27,14,2,20,12,"WL2",13
"ACEPEN01_HF_08","ACEPEN","HF",26,26,0,20,12,"WL0",0
"ACEPEN01_HF_10","ACEPEN","HF",68,33,0,15,8,"CS0",35
"ACEPEN01_HF_11","ACEPEN","HF",38,13,1,20,12,"WL1",25
"ACEPEN01_HF_12","ACEPEN","HF",37,13,1,15,12,"CL1",24
"ACEPEN02_HF_01","ACEPEN","HF",44,9,1,15,8,"CS1",35
"ACEPEN02_HF_02","ACEPEN","HF",40,20,0,15,12,"CL0",20
"ACEPEN02_HF_03","ACEPEN","HF",NA,13,2,15,8,"CS2",NA
"ACEPEN02_HF_04","ACEPEN","HF",68,21,0,15,8,"CS0",47
"ACEPEN02_HF_05","ACEPEN","HF",NA,NA,0,20,12,"WL0",NA
"ACEPEN02_HF_06","ACEPEN","HF",40,27,0,20,8,"WS0",13
"ACEPEN02_HF_07","ACEPEN","HF",37,13,2,15,12,"CL2",24
"ACEPEN02_HF_09","ACEPEN","HF",NA,14,2,20,12,"WL2",NA
"ACEPEN02_HF_10","ACEPEN","HF",50,24,2,20,8,"WS2",26
"ACEPEN02_HF_11","ACEPEN","HF",24,8,1,20,12,"WL1",16
"ACEPEN02_HF_12","ACEPEN","HF",30,8,1,15,12,"CL1",22
"ACEPEN03_HF_01","ACEPEN","HF",NA,13,2,15,8,"CS2",NA
"ACEPEN03_HF_02","ACEPEN","HF",33,13,0,20,12,"WL0",20
"ACEPEN03_HF_03","ACEPEN","HF",31,13,2,20,8,"WS2",18
"ACEPEN03_HF_04","ACEPEN","HF",40,20,0,15,12,"CL0",20
"ACEPEN03_HF_05","ACEPEN","HF",30,8,1,15,12,"CL1",22
"ACEPEN03_HF_06","ACEPEN","HF",68,21,0,15,8,"CS0",47
"ACEPEN03_HF_08","ACEPEN","HF",24,3,1,20,12,"WL1",21
"ACEPEN03_HF_09","ACEPEN","HF",36,20,2,20,12,"WL2",16
"ACEPEN03_HF_10","ACEPEN","HF",40,18,0,20,8,"WS0",22
"ACEPEN03_HF_11","ACEPEN","HF",50,13,2,15,12,"CL2",37
"ACEPEN03_HF_12","ACEPEN","HF",NA,3,1,15,8,"CS1",NA
"ACEPEN04_HF_01","ACEPEN","HF",27,14,2,20,12,"WL2",13
"ACEPEN04_HF_02","ACEPEN","HF",48,20,0,15,12,"CL0",28
"ACEPEN04_HF_03","ACEPEN","HF",68,18,0,20,8,"WS0",50
"ACEPEN04_HF_05","ACEPEN","HF",37,3,1,15,12,"CL1",34
"ACEPEN04_HF_06","ACEPEN","HF",NA,21,0,15,8,"CS0",NA
"ACEPEN04_HF_07","ACEPEN","HF",NA,NA,2,15,8,"CS2",NA
"ACEPEN04_HF_08","ACEPEN","HF",44,9,1,15,8,"CS1",35
"ACEPEN04_HF_09","ACEPEN","HF",31,13,2,20,8,"WS2",18
"ACEPEN04_HF_10","ACEPEN","HF",31,8,1,20,12,"WL1",23
"ACEPEN04_HF_11","ACEPEN","HF",29,13,0,20,12,"WL0",16
"ACEPEN04_HF_12","ACEPEN","HF",NA,13,2,15,12,"CL2",NA
"ACEPEN04_SH_01","ACEPEN","SH",NA,14,2,20,12,"WL2",NA
"ACEPEN04_SH_02","ACEPEN","SH",42,13,0,20,12,"WL0",29
"ACEPEN04_SH_03","ACEPEN","SH",43,13,2,15,12,"CL2",30
"ACEPEN04_SH_04","ACEPEN","SH",NA,15,1,15,8,"CS1",NA
"ACEPEN04_SH_05","ACEPEN","SH",40,18,0,20,8,"WS0",22
"ACEPEN04_SH_06","ACEPEN","SH",37,13,1,15,12,"CL1",24
"ACEPEN04_SH_07","ACEPEN","SH",NA,13,2,15,8,"CS2",NA
"ACEPEN04_SH_08","ACEPEN","SH",31,13,1,20,12,"WL1",18
"ACEPEN04_SH_09","ACEPEN","SH",50,24,2,20,8,"WS2",26
"ACEPEN04_SH_11","ACEPEN","SH",68,21,0,15,8,"CS0",47
"ACEPEN04_SH_12","ACEPEN","SH",54,32,0,15,12,"CL0",22
"ACEPEN06_SH_01","ACEPEN","SH",33,18,0,20,12,"WL0",15
"ACEPEN06_SH_02","ACEPEN","SH",27,20,2,20,12,"WL2",7
"ACEPEN06_SH_03","ACEPEN","SH",40,18,0,20,8,"WS0",22
"ACEPEN06_SH_04","ACEPEN","SH",82,21,0,15,8,"CS0",61
"ACEPEN06_SH_05","ACEPEN","SH",44,13,2,15,8,"CS2",31
"ACEPEN06_SH_06","ACEPEN","SH",51,8,1,15,12,"CL1",43
"ACEPEN06_SH_07","ACEPEN","SH",44,9,1,15,8,"CS1",35
"ACEPEN06_SH_08","ACEPEN","SH",NA,8,1,20,12,"WL1",NA
"ACEPEN06_SH_09","ACEPEN","SH",30,13,2,15,12,"CL2",17
"ACEPEN06_SH_10","ACEPEN","SH",48,20,0,15,12,"CL0",28
"ACEPEN06_SH_11","ACEPEN","SH",NA,13,2,20,8,"WS2",NA
"ACEPEN07_SH_01","ACEPEN","SH",NA,23,1,15,8,"CS1",NA
"ACEPEN07_SH_02","ACEPEN","SH",41,24,2,20,8,"WS2",17
"ACEPEN07_SH_03","ACEPEN","SH",NA,16,2,15,12,"CL2",NA
"ACEPEN07_SH_04","ACEPEN","SH",NA,13,1,20,12,"WL1",NA
"ACEPEN07_SH_05","ACEPEN","SH",82,39,0,15,8,"CS0",43
"ACEPEN07_SH_07","ACEPEN","SH",61,32,0,15,12,"CL0",29
"ACEPEN07_SH_08","ACEPEN","SH",NA,14,2,20,12,"WL2",NA
"ACEPEN07_SH_09","ACEPEN","SH",40,27,0,20,8,"WS0",13
"ACEPEN07_SH_10","ACEPEN","SH",NA,17,2,15,8,"CS2",NA
"ACEPEN07_SH_11","ACEPEN","SH",NA,17,1,15,12,"CL1",NA
"ACEPEN07_SH_12","ACEPEN","SH",42,26,0,20,12,"WL0",16
"ACEPEN08_SH_01","ACEPEN","SH",56,27,0,20,8,"WS0",29
"ACEPEN08_SH_02","ACEPEN","SH",57,13,1,15,12,"CL1",44
"ACEPEN08_SH_03","ACEPEN","SH",82,32,0,15,12,"CL0",50
"ACEPEN08_SH_04","ACEPEN","SH",NA,13,2,15,8,"CS2",NA
"ACEPEN08_SH_05","ACEPEN","SH",52,15,1,15,8,"CS1",37
"ACEPEN08_SH_06","ACEPEN","SH",82,39,0,15,8,"CS0",43
"ACEPEN08_SH_07","ACEPEN","SH",50,13,2,15,12,"CL2",37
"ACEPEN08_SH_09","ACEPEN","SH",31,13,1,20,12,"WL1",18
"ACEPEN08_SH_10","ACEPEN","SH",27,14,2,20,12,"WL2",13
"ACEPEN08_SH_11","ACEPEN","SH",41,24,2,20,8,"WS2",17
"ACEPEN08_SH_12","ACEPEN","SH",39,18,0,20,12,"WL0",21
"ACEPEN09_SH_01","ACEPEN","SH",44,9,1,15,8,"CS1",35
"ACEPEN09_SH_02","ACEPEN","SH",52,13,2,15,8,"CS2",39
"ACEPEN09_SH_03","ACEPEN","SH",NA,13,0,20,12,"WL0",NA
"ACEPEN09_SH_04","ACEPEN","SH",40,18,0,20,8,"WS0",22
"ACEPEN09_SH_05","ACEPEN","SH",48,20,0,15,12,"CL0",28
"ACEPEN09_SH_06","ACEPEN","SH",NA,14,2,20,12,"WL2",NA
"ACEPEN09_SH_07","ACEPEN","SH",68,33,0,15,8,"CS0",35
"ACEPEN09_SH_08","ACEPEN","SH",41,13,2,20,8,"WS2",28
"ACEPEN09_SH_10","ACEPEN","SH",30,8,1,15,12,"CL1",22
"ACEPEN09_SH_11","ACEPEN","SH",37,13,2,15,12,"CL2",24
"ACEPEN09_SH_12","ACEPEN","SH",38,13,1,20,12,"WL1",25
"ACEPEN11_HF_01","ACEPEN","HF",41,24,2,20,8,"WS2",17
"ACEPEN11_HF_02","ACEPEN","HF",37,13,2,15,12,"CL2",24
"ACEPEN11_HF_03","ACEPEN","HF",31,13,1,20,12,"WL1",18
"ACEPEN11_HF_04","ACEPEN","HF",68,33,0,15,8,"CS0",35
"ACEPEN11_HF_05","ACEPEN","HF",36,14,2,20,12,"WL2",22
"ACEPEN11_HF_06","ACEPEN","HF",39,6,0,20,12,"WL0",33
"ACEPEN11_HF_07","ACEPEN","HF",NA,26,0,20,8,"WS0",NA
"ACEPEN11_HF_08","ACEPEN","HF",44,17,2,15,8,"CS2",27
"ACEPEN11_HF_09","ACEPEN","HF",30,13,1,15,12,"CL1",17
"ACEPEN11_HF_11","ACEPEN","HF",NA,23,1,15,8,"CS1",NA
"ACEPEN11_HF_12","ACEPEN","HF",48,32,0,15,12,"CL0",16
"ACEPEN11_SH_01","ACEPEN","SH",41,24,2,20,8,"WS2",17
"ACEPEN11_SH_02","ACEPEN","SH",NA,17,1,15,12,"CL1",NA
"ACEPEN11_SH_03","ACEPEN","SH",31,8,1,20,12,"WL1",23
"ACEPEN11_SH_04","ACEPEN","SH",50,13,2,15,12,"CL2",37
"ACEPEN11_SH_05","ACEPEN","SH",48,20,0,15,12,"CL0",28
"ACEPEN11_SH_07","ACEPEN","SH",NA,15,1,15,8,"CS1",NA
"ACEPEN11_SH_08","ACEPEN","SH",52,13,2,15,8,"CS2",39
"ACEPEN11_SH_09","ACEPEN","SH",NA,26,0,20,12,"WL0",NA
"ACEPEN11_SH_10","ACEPEN","SH",NA,27,2,20,12,"WL2",NA
"ACEPEN11_SH_11","ACEPEN","SH",68,33,0,15,8,"CS0",35
"ACEPEN11_SH_12","ACEPEN","SH",43,26,0,20,8,"WS0",17
"ACEPEN12_HF_01","ACEPEN","HF",33,26,0,20,12,"WL0",7
"ACEPEN12_HF_02","ACEPEN","HF",48,20,0,15,12,"CL0",28
"ACEPEN12_HF_03","ACEPEN","HF",43,8,1,15,12,"CL1",35
"ACEPEN12_HF_04","ACEPEN","HF",68,33,0,15,8,"CS0",35
"ACEPEN12_HF_05","ACEPEN","HF",NA,13,2,15,12,"CL2",NA
"ACEPEN12_HF_06","ACEPEN","HF",40,18,0,20,8,"WS0",22
"ACEPEN12_HF_07","ACEPEN","HF",NA,14,2,20,12,"WL2",NA
"ACEPEN12_HF_08","ACEPEN","HF",50,24,2,20,8,"WS2",26
"ACEPEN12_HF_10","ACEPEN","HF",52,9,1,15,8,"CS1",43
"ACEPEN12_HF_11","ACEPEN","HF",31,8,1,20,12,"WL1",23
"ACEPEN12_HF_12","ACEPEN","HF",NA,17,2,15,8,"CS2",NA
"ACERUB05_SH_01","ACERUB","SH",52,44,1,15,8,"CS1",8
"ACERUB05_SH_02","ACERUB","SH",43,30,2,15,12,"CL2",13
"ACERUB05_SH_03","ACERUB","SH",56,31,2,20,8,"WS2",25
"ACERUB05_SH_04","ACERUB","SH",68,56,0,20,8,"WS0",12
"ACERUB05_SH_05","ACERUB","SH",44,30,2,15,8,"CS2",14
"ACERUB05_SH_06","ACERUB","SH",NA,20,2,20,12,"WL2",NA
"ACERUB05_SH_07","ACERUB","SH",68,54,0,15,12,"CL0",14
"ACERUB05_SH_08","ACERUB","SH",82,68,0,15,8,"CS0",14
"ACERUB05_SH_09","ACERUB","SH",NA,NA,1,20,12,"WL1",NA
"ACERUB05_SH_10","ACERUB","SH",NA,NA,0,20,12,"WL0",NA
"ACERUB05_SH_11","ACERUB","SH",37,22,1,15,12,"CL1",15
"ACERUB06_SH_01","ACERUB","SH",NA,22,1,15,12,"CL1",NA
"ACERUB06_SH_02","ACERUB","SH",31,17,1,20,12,"WL1",14
"ACERUB06_SH_03","ACERUB","SH",34,27,0,20,8,"WS0",7
"ACERUB06_SH_04","ACERUB","SH",NA,39,0,15,8,"CS0",NA
"ACERUB06_SH_05","ACERUB","SH",NA,43,0,15,12,"CL0",NA
"ACERUB06_SH_06","ACERUB","SH",NA,NA,2,20,12,"WL2",NA
"ACERUB06_SH_07","ACERUB","SH",50,13,2,15,12,"CL2",37
"ACERUB06_SH_08","ACERUB","SH",NA,23,1,15,8,"CS1",NA
"ACERUB06_SH_09","ACERUB","SH",NA,39,0,20,12,"WL0",NA
"ACERUB06_SH_10","ACERUB","SH",NA,23,2,15,8,"CS2",NA
"ACERUB06_SH_11","ACERUB","SH",56,24,2,20,8,"WS2",32
"ACERUB07_SH_01","ACERUB","SH",30,13,1,15,12,"CL1",17
"ACERUB07_SH_02","ACERUB","SH",33,18,0,20,12,"WL0",15
"ACERUB07_SH_03","ACERUB","SH",44,13,2,15,8,"CS2",31
"ACERUB07_SH_04","ACERUB","SH",48,32,0,15,12,"CL0",16
"ACERUB07_SH_06","ACERUB","SH",37,16,2,15,12,"CL2",21
"ACERUB07_SH_07","ACERUB","SH",31,13,2,20,8,"WS2",18
"ACERUB07_SH_08","ACERUB","SH",36,14,2,20,12,"WL2",22
"ACERUB07_SH_09","ACERUB","SH",24,13,1,20,12,"WL1",11
"ACERUB07_SH_10","ACERUB","SH",68,33,0,15,8,"CS0",35
"ACERUB07_SH_11","ACERUB","SH",NA,29,0,20,8,"WS0",NA
"ACERUB07_SH_12","ACERUB","SH",44,15,1,15,8,"CS1",29
"ACERUB08_SH_01","ACERUB","SH",NA,13,1,20,12,"WL1",NA
"ACERUB08_SH_02","ACERUB","SH",43,29,0,20,8,"WS0",14
"ACERUB08_SH_03","ACERUB","SH",47,33,0,20,12,"WL0",14
"ACERUB08_SH_04","ACERUB","SH",36,14,2,20,12,"WL2",22
"ACERUB08_SH_05","ACERUB","SH",31,24,2,20,8,"WS2",7
"ACERUB08_SH_06","ACERUB","SH",30,16,2,15,12,"CL2",14
"ACERUB08_SH_07","ACERUB","SH",30,13,1,15,12,"CL1",17
"ACERUB08_SH_08","ACERUB","SH",NA,23,1,15,8,"CS1",NA
"ACERUB08_SH_09","ACERUB","SH",44,23,2,15,8,"CS2",21
"ACERUB08_SH_11","ACERUB","SH",61,34,0,15,12,"CL0",27
"ACERUB08_SH_12","ACERUB","SH",75,33,0,15,8,"CS0",42
"ACERUB09_SH_01","ACERUB","SH",NA,23,2,15,12,"CL2",NA
"ACERUB09_SH_02","ACERUB","SH",75,53,0,15,8,"CS0",22
"ACERUB09_SH_03","ACERUB","SH",NA,34,0,20,8,"WS0",NA
"ACERUB09_SH_05","ACERUB","SH",36,20,2,20,12,"WL2",16
"ACERUB09_SH_06","ACERUB","SH",31,13,1,20,12,"WL1",18
"ACERUB09_SH_07","ACERUB","SH",43,17,1,15,12,"CL1",26
"ACERUB09_SH_08","ACERUB","SH",44,13,2,15,8,"CS2",31
"ACERUB09_SH_09","ACERUB","SH",42,33,0,20,12,"WL0",9
"ACERUB09_SH_10","ACERUB","SH",NA,34,0,15,12,"CL0",NA
"ACERUB09_SH_11","ACERUB","SH",NA,NA,2,20,8,"WS2",NA
"ACERUB09_SH_12","ACERUB","SH",NA,NA,1,15,8,"CS1",NA
"ACERUB10_HF_01","ACERUB","HF",48,12,0,15,12,"CL0",36
"ACERUB10_HF_02","ACERUB","HF",30,16,2,15,12,"CL2",14
"ACERUB10_HF_04","ACERUB","HF",68,39,0,15,8,"CS0",29
"ACERUB10_HF_05","ACERUB","HF",30,13,1,15,12,"CL1",17
"ACERUB10_HF_06","ACERUB","HF",44,17,2,15,8,"CS2",27
"ACERUB10_HF_07","ACERUB","HF",24,8,1,20,12,"WL1",16
"ACERUB10_HF_08","ACERUB","HF",40,34,0,20,8,"WS0",6
"ACERUB10_HF_09","ACERUB","HF",31,13,2,20,8,"WS2",18
"ACERUB10_HF_10","ACERUB","HF",44,23,1,15,8,"CS1",21
"ACERUB10_HF_11","ACERUB","HF",27,14,2,20,12,"WL2",13
"ACERUB10_HF_12","ACERUB","HF",42,26,0,20,12,"WL0",16
"ACERUB10_SH_01","ACERUB","SH",NA,23,1,15,8,"CS1",NA
"ACERUB10_SH_02","ACERUB","SH",37,16,2,15,12,"CL2",21
"ACERUB10_SH_03","ACERUB","SH",44,13,2,15,8,"CS2",31
"ACERUB10_SH_04","ACERUB","SH",37,17,1,15,12,"CL1",20
"ACERUB10_SH_05","ACERUB","SH",27,27,2,20,12,"WL2",0
"ACERUB10_SH_06","ACERUB","SH",56,34,0,20,8,"WS0",22
"ACERUB10_SH_07","ACERUB","SH",68,39,0,15,8,"CS0",29
"ACERUB10_SH_08","ACERUB","SH",39,26,0,20,12,"WL0",13
"ACERUB10_SH_09","ACERUB","SH",54,12,0,15,12,"CL0",42
"ACERUB10_SH_10","ACERUB","SH",41,24,2,20,8,"WS2",17
"ACERUB10_SH_11","ACERUB","SH",24,13,1,20,12,"WL1",11
"ACERUB11_HF_01","ACERUB","HF",NA,NA,2,15,8,"CS2",NA
"ACERUB11_HF_02","ACERUB","HF",44,9,1,15,8,"CS1",35
"ACERUB11_HF_03","ACERUB","HF",NA,14,2,20,12,"WL2",NA
"ACERUB11_HF_04","ACERUB","HF",30,16,2,15,12,"CL2",14
"ACERUB11_HF_05","ACERUB","HF",17,8,1,20,12,"WL1",9
"ACERUB11_HF_06","ACERUB","HF",30,17,1,15,12,"CL1",13
"ACERUB11_HF_07","ACERUB","HF",NA,13,2,20,8,"WS2",NA
"ACERUB11_HF_08","ACERUB","HF",53,33,0,15,8,"CS0",20
"ACERUB11_HF_09","ACERUB","HF",33,26,0,20,12,"WL0",7
"ACERUB11_HF_11","ACERUB","HF",43,32,0,15,12,"CL0",11
"ACERUB11_HF_12","ACERUB","HF",29,27,0,20,8,"WS0",2
"ACERUB13_HF_01","ACERUB","HF",39,33,0,20,12,"WL0",6
"ACERUB13_HF_02","ACERUB","HF",31,13,1,20,12,"WL1",18
"ACERUB13_HF_03","ACERUB","HF",68,33,0,15,8,"CS0",35
"ACERUB13_HF_04","ACERUB","HF",NA,NA,2,20,12,"WL2",NA
"ACERUB13_HF_06","ACERUB","HF",37,13,1,15,12,"CL1",24
"ACERUB13_HF_07","ACERUB","HF",56,34,0,20,8,"WS0",22
"ACERUB13_HF_08","ACERUB","HF",48,32,0,15,12,"CL0",16
"ACERUB13_HF_09","ACERUB","HF",NA,NA,2,15,8,"CS2",NA
"ACERUB13_HF_10","ACERUB","HF",44,23,1,15,8,"CS1",21
"ACERUB13_HF_11","ACERUB","HF",37,16,2,15,12,"CL2",21
"ACERUB13_HF_12","ACERUB","HF",NA,NA,2,20,8,"WS2",NA
"ACERUB14_HF_01","ACERUB","HF",30,15,1,15,8,"CS1",15
"ACERUB14_HF_03","ACERUB","HF",68,33,0,15,8,"CS0",35
"ACERUB14_HF_04","ACERUB","HF",36,14,2,20,12,"WL2",22
"ACERUB14_HF_05","ACERUB","HF",39,18,0,20,12,"WL0",21
"ACERUB14_HF_06","ACERUB","HF",40,20,0,15,12,"CL0",20
"ACERUB14_HF_07","ACERUB","HF",57,17,1,15,12,"CL1",40
"ACERUB14_HF_08","ACERUB","HF",40,27,0,20,8,"WS0",13
"ACERUB14_HF_09","ACERUB","HF",44,17,2,15,8,"CS2",27
"ACERUB14_HF_10","ACERUB","HF",24,8,1,20,12,"WL1",16
"ACERUB14_HF_11","ACERUB","HF",41,24,2,20,8,"WS2",17
"ACERUB14_HF_12","ACERUB","HF",37,16,2,15,12,"CL2",21
"ACERUB99_HF_01","ACERUB","HF",37,13,1,15,12,"CL1",24
"ACERUB99_HF_02","ACERUB","HF",NA,NA,1,15,8,"CS1",NA
"ACERUB99_HF_04","ACERUB","HF",37,23,2,15,12,"CL2",14
"ACERUB99_HF_05","ACERUB","HF",41,24,2,20,8,"WS2",17
"ACERUB99_HF_06","ACERUB","HF",27,20,2,20,12,"WL2",7
"ACERUB99_HF_07","ACERUB","HF",NA,56,0,20,8,"WS0",NA
"ACERUB99_HF_08","ACERUB","HF",75,47,0,15,8,"CS0",28
"ACERUB99_HF_09","ACERUB","HF",31,17,1,20,12,"WL1",14
"ACERUB99_HF_10","ACERUB","HF",54,34,0,15,12,"CL0",20
"ACERUB99_HF_11","ACERUB","HF",NA,23,2,15,8,"CS2",NA
"ACERUB99_HF_12","ACERUB","HF",39,29,0,20,12,"WL0",10
"ACESAC02_HF_01","ACESAC","HF",NA,NA,0,20,12,"WL0",NA
"ACESAC02_HF_02","ACESAC","HF",41,41,2,20,8,"WS2",0
"ACESAC02_HF_03","ACESAC","HF",82,61,0,15,12,"CL0",21
"ACESAC02_HF_05","ACESAC","HF",36,36,2,20,12,"WL2",0
"ACESAC02_HF_06","ACESAC","HF",NA,52,2,15,8,"CS2",NA
"ACESAC02_HF_07","ACESAC","HF",68,56,0,20,8,"WS0",12
"ACESAC02_HF_08","ACESAC","HF",NA,38,1,20,12,"WL1",NA
"ACESAC02_HF_09","ACESAC","HF",NA,NA,1,15,8,"CS1",NA
"ACESAC02_HF_10","ACESAC","HF",NA,43,1,15,12,"CL1",NA
"ACESAC02_HF_11","ACESAC","HF",43,37,2,15,12,"CL2",6
"ACESAC02_HF_12","ACESAC","HF",82,68,0,15,8,"CS0",14
"ACESAC02_SH_01","ACESAC","SH",NA,14,2,20,12,"WL2",NA
"ACESAC02_SH_02","ACESAC","SH",NA,30,1,15,12,"CL1",NA
"ACESAC02_SH_03","ACESAC","SH",NA,37,2,15,12,"CL2",NA
"ACESAC02_SH_04","ACESAC","SH",NA,68,0,15,8,"CS0",NA
"ACESAC02_SH_05","ACESAC","SH",NA,NA,0,15,12,"CL0",NA
"ACESAC02_SH_06","ACESAC","SH",NA,31,1,20,12,"WL1",NA
"ACESAC02_SH_07","ACESAC","SH",NA,NA,0,20,8,"WS0",NA
"ACESAC02_SH_08","ACESAC","SH",53,42,0,20,12,"WL0",11
"ACESAC02_SH_09","ACESAC","SH",NA,52,1,15,8,"CS1",NA
"ACESAC02_SH_10","ACESAC","SH",NA,44,2,15,8,"CS2",NA
"ACESAC02_SH_11","ACESAC","SH",50,41,2,20,8,"WS2",9
"ACESAC03_SH_01","ACESAC","SH",82,39,0,15,8,"CS0",43
"ACESAC03_SH_02","ACESAC","SH",NA,13,1,15,12,"CL1",NA
"ACESAC03_SH_04","ACESAC","SH",NA,6,0,20,12,"WL0",NA
"ACESAC03_SH_05","ACESAC","SH",NA,32,0,15,12,"CL0",NA
"ACESAC03_SH_06","ACESAC","SH",NA,13,2,15,8,"CS2",NA
"ACESAC03_SH_07","ACESAC","SH",NA,13,2,20,8,"WS2",NA
"ACESAC03_SH_08","ACESAC","SH",36,14,2,20,12,"WL2",22
"ACESAC03_SH_09","ACESAC","SH",37,23,2,15,12,"CL2",14
"ACESAC03_SH_10","ACESAC","SH",NA,13,1,20,12,"WL1",NA
"ACESAC03_SH_11","ACESAC","SH",NA,NA,0,20,8,"WS0",NA
"ACESAC03_SH_12","ACESAC","SH",44,23,1,15,8,"CS1",21
"ACESAC05_HF_01","ACESAC","HF",NA,47,0,20,12,"WL0",NA
"ACESAC05_HF_02","ACESAC","HF",NA,NA,2,15,8,"CS2",NA
"ACESAC05_HF_03","ACESAC","HF",NA,37,1,15,12,"CL1",NA
"ACESAC05_HF_04","ACESAC","HF",61,54,0,15,12,"CL0",7
"ACESAC05_HF_05","ACESAC","HF",NA,52,1,15,8,"CS1",NA
"ACESAC05_HF_06","ACESAC","HF",NA,NA,2,20,8,"WS2",NA
"ACESAC05_HF_07","ACESAC","HF",68,56,0,20,8,"WS0",12
"ACESAC05_HF_09","ACESAC","HF",NA,NA,2,20,12,"WL2",NA
"ACESAC05_HF_10","ACESAC","HF",NA,NA,2,15,12,"CL2",NA
"ACESAC05_HF_11","ACESAC","HF",45,38,1,20,12,"WL1",7
"ACESAC05_HF_12","ACESAC","HF",82,75,0,15,8,"CS0",7
"ACESAC06_HF_01","ACESAC","HF",NA,NA,1,15,12,"CL1",NA
"ACESAC06_HF_02","ACESAC","HF",NA,NA,2,15,8,"CS2",NA
"ACESAC06_HF_03","ACESAC","HF",56,12,0,20,8,"WS0",44
"ACESAC06_HF_04","ACESAC","HF",NA,NA,0,15,12,"CL0",NA
"ACESAC06_HF_05","ACESAC","HF",NA,NA,0,20,12,"WL0",NA
"ACESAC06_HF_06","ACESAC","HF",NA,50,2,15,12,"CL2",NA
"ACESAC06_HF_07","ACESAC","HF",NA,14,2,20,12,"WL2",NA
"ACESAC06_HF_08","ACESAC","HF",82,68,0,15,8,"CS0",14
"ACESAC06_HF_09","ACESAC","HF",NA,50,2,20,8,"WS2",NA
"ACESAC06_HF_10","ACESAC","HF",NA,9,1,15,8,"CS1",NA
"ACESAC06_HF_12","ACESAC","HF",NA,38,1,20,12,"WL1",NA
"ACESAC07_HF_01","ACESAC","HF",NA,52,1,15,8,"CS1",NA
"ACESAC07_HF_02","ACESAC","HF",61,54,0,15,12,"CL0",7
"ACESAC07_HF_04","ACESAC","HF",NA,NA,0,15,8,"CS0",NA
"ACESAC07_HF_05","ACESAC","HF",NA,NA,2,15,12,"CL2",NA
"ACESAC07_HF_06","ACESAC","HF",NA,31,1,20,12,"WL1",NA
"ACESAC07_HF_07","ACESAC","HF",NA,NA,2,15,8,"CS2",NA
"ACESAC07_HF_08","ACESAC","HF",56,56,0,20,8,"WS0",0
"ACESAC07_HF_09","ACESAC","HF",NA,NA,2,20,12,"WL2",NA
"ACESAC07_HF_10","ACESAC","HF",NA,37,1,15,12,"CL1",NA
"ACESAC07_HF_11","ACESAC","HF",53,47,0,20,12,"WL0",6
"ACESAC07_HF_12","ACESAC","HF",NA,50,2,20,8,"WS2",NA
"ACESAC07_SH_01","ACESAC","SH",56,29,0,20,8,"WS0",27
"ACESAC07_SH_02","ACESAC","SH",NA,44,2,15,8,"CS2",NA
"ACESAC07_SH_03","ACESAC","SH",51,37,1,15,12,"CL1",14
"ACESAC07_SH_04","ACESAC","SH",NA,52,1,15,8,"CS1",NA
"ACESAC07_SH_05","ACESAC","SH",31,31,1,20,12,"WL1",0
"ACESAC07_SH_07","ACESAC","SH",50,41,2,20,8,"WS2",9
"ACESAC07_SH_08","ACESAC","SH",47,39,0,20,12,"WL0",8
"ACESAC07_SH_09","ACESAC","SH",NA,27,2,20,12,"WL2",NA
"ACESAC07_SH_10","ACESAC","SH",54,48,0,15,12,"CL0",6
"ACESAC07_SH_11","ACESAC","SH",NA,68,0,15,8,"CS0",NA
"ACESAC07_SH_12","ACESAC","SH",NA,50,2,15,12,"CL2",NA
"ACESAC09_SH_01","ACESAC","SH",31,24,1,20,12,"WL1",7
"ACESAC09_SH_02","ACESAC","SH",61,48,0,15,12,"CL0",13
"ACESAC09_SH_03","ACESAC","SH",82,68,0,15,8,"CS0",14
"ACESAC09_SH_04","ACESAC","SH",52,44,1,15,8,"CS1",8
"ACESAC09_SH_05","ACESAC","SH",41,31,2,20,8,"WS2",10
"ACESAC09_SH_06","ACESAC","SH",43,37,2,15,12,"CL2",6
"ACESAC09_SH_07","ACESAC","SH",37,22,1,15,12,"CL1",15
"ACESAC09_SH_09","ACESAC","SH",27,14,2,20,12,"WL2",13
"ACESAC09_SH_10","ACESAC","SH",NA,30,2,15,8,"CS2",NA
"ACESAC09_SH_11","ACESAC","SH",39,39,0,20,12,"WL0",0
"ACESAC09_SH_12","ACESAC","SH",56,34,0,20,8,"WS0",22
"ACESAC10_HF_01","ACESAC","HF",NA,NA,2,20,12,"WL2",NA
"ACESAC10_HF_02","ACESAC","HF",68,61,0,15,12,"CL0",7
"ACESAC10_HF_03","ACESAC","HF",50,23,2,15,12,"CL2",27
"ACESAC10_HF_04","ACESAC","HF",NA,NA,2,15,8,"CS2",NA
"ACESAC10_HF_05","ACESAC","HF",42,39,0,20,12,"WL0",3
"ACESAC10_HF_06","ACESAC","HF",NA,NA,2,20,8,"WS2",NA
"ACESAC10_HF_07","ACESAC","HF",NA,NA,1,20,12,"WL1",NA
"ACESAC10_HF_08","ACESAC","HF",NA,68,0,15,8,"CS0",NA
"ACESAC10_HF_09","ACESAC","HF",NA,NA,1,15,12,"CL1",NA
"ACESAC10_HF_10","ACESAC","HF",NA,NA,0,20,8,"WS0",NA
"ACESAC10_HF_11","ACESAC","HF",NA,NA,1,15,8,"CS1",NA
"ACESAC10_SH_01","ACESAC","SH",31,24,1,20,12,"WL1",7
"ACESAC10_SH_02","ACESAC","SH",29,29,0,20,8,"WS0",0
"ACESAC10_SH_03","ACESAC","SH",NA,44,1,15,8,"CS1",NA
"ACESAC10_SH_04","ACESAC","SH",NA,NA,2,15,12,"CL2",NA
"ACESAC10_SH_05","ACESAC","SH",75,68,0,15,8,"CS0",7
"ACESAC10_SH_06","ACESAC","SH",27,27,2,20,12,"WL2",0
"ACESAC10_SH_07","ACESAC","SH",NA,NA,0,20,12,"WL0",NA
"ACESAC10_SH_08","ACESAC","SH",61,54,0,15,12,"CL0",7
"ACESAC10_SH_09","ACESAC","SH",41,31,2,20,8,"WS2",10
"ACESAC10_SH_10","ACESAC","SH",NA,37,1,15,12,"CL1",NA
"ACESAC10_SH_11","ACESAC","SH",NA,44,2,15,8,"CS2",NA
"ACESAC99_HF_01","ACESAC","HF",NA,44,2,15,8,"CS2",NA
"ACESAC99_HF_02","ACESAC","HF",68,68,0,20,8,"WS0",0
"ACESAC99_HF_03","ACESAC","HF",NA,NA,2,20,12,"WL2",NA
"ACESAC99_HF_04","ACESAC","HF",38,31,1,20,12,"WL1",7
"ACESAC99_HF_05","ACESAC","HF",50,37,2,15,12,"CL2",13
"ACESAC99_HF_06","ACESAC","HF",82,68,0,15,8,"CS0",14
"ACESAC99_HF_08","ACESAC","HF",NA,NA,2,20,8,"WS2",NA
"ACESAC99_HF_09","ACESAC","HF",61,54,0,15,12,"CL0",7
"ACESAC99_HF_10","ACESAC","HF",43,37,1,15,12,"CL1",6
"ACESAC99_HF_11","ACESAC","HF",NA,23,1,15,8,"CS1",NA
"ACESAC99_HF_12","ACESAC","HF",47,39,0,20,12,"WL0",8
"ACESAC99_SH_01","ACESAC","SH",53,39,0,20,12,"WL0",14
"ACESAC99_SH_02","ACESAC","SH",43,43,0,15,12,"CL0",0
"ACESAC99_SH_03","ACESAC","SH",38,31,1,20,12,"WL1",7
"ACESAC99_SH_04","ACESAC","SH",36,36,2,20,12,"WL2",0
"ACESAC99_SH_05","ACESAC","SH",50,37,2,15,12,"CL2",13
"ACESAC99_SH_06","ACESAC","SH",51,37,1,15,12,"CL1",14
"ACESAC99_SH_07","ACESAC","SH",NA,44,2,15,8,"CS2",NA
"ACESAC99_SH_08","ACESAC","SH",50,41,2,20,8,"WS2",9
"ACESAC99_SH_09","ACESAC","SH",68,56,0,20,8,"WS0",12
"ACESAC99_SH_10","ACESAC","SH",52,44,1,15,8,"CS1",8
"ACESAC99_SH_12","ACESAC","SH",NA,82,0,15,8,"CS0",NA
"BETALL01_SH_01","BETALL","SH",NA,NA,2,15,8,"CS2",NA
"BETALL01_SH_02","BETALL","SH",17,13,1,15,12,"CL1",4
"BETALL01_SH_03","BETALL","SH",50,24,2,20,8,"WS2",26
"BETALL01_SH_04","BETALL","SH",38,13,1,20,12,"WL1",25
"BETALL01_SH_05","BETALL","SH",68,39,0,15,8,"CS0",29
"BETALL01_SH_06","BETALL","SH",NA,NA,2,15,12,"CL2",NA
"BETALL01_SH_07","BETALL","SH",29,29,0,15,12,"CL0",0
"BETALL01_SH_09","BETALL","SH",30,9,1,15,8,"CS1",21
"BETALL01_SH_10","BETALL","SH",56,34,0,20,8,"WS0",22
"BETALL01_SH_11","BETALL","SH",27,14,2,20,12,"WL2",13
"BETALL01_SH_12","BETALL","SH",26,26,0,20,12,"WL0",0
"BETALL02_SH_01","BETALL","SH",39,26,0,20,12,"WL0",13
"BETALL02_SH_02","BETALL","SH",52,23,2,15,8,"CS2",29
"BETALL02_SH_04","BETALL","SH",17,13,1,20,12,"WL1",4
"BETALL02_SH_05","BETALL","SH",48,32,0,15,12,"CL0",16
"BETALL02_SH_06","BETALL","SH",56,34,0,20,8,"WS0",22
"BETALL02_SH_07","BETALL","SH",30,17,1,15,12,"CL1",13
"BETALL02_SH_08","BETALL","SH",52,23,1,15,8,"CS1",29
"BETALL02_SH_09","BETALL","SH",68,47,0,15,8,"CS0",21
"BETALL02_SH_10","BETALL","SH",14,14,2,20,12,"WL2",0
"BETALL02_SH_11","BETALL","SH",43,16,2,15,12,"CL2",27
"BETALL02_SH_12","BETALL","SH",31,24,2,20,8,"WS2",7
"BETALL03_SH_02","BETALL","SH",26,26,0,20,12,"WL0",0
"BETALL03_SH_03","BETALL","SH",17,13,1,20,12,"WL1",4
"BETALL03_SH_04","BETALL","SH",44,15,1,15,8,"CS1",29
"BETALL03_SH_05","BETALL","SH",27,27,0,20,8,"WS0",0
"BETALL03_SH_06","BETALL","SH",31,24,2,20,8,"WS2",7
"BETALL03_SH_07","BETALL","SH",40,32,0,15,12,"CL0",8
"BETALL03_SH_08","BETALL","SH",36,14,2,20,12,"WL2",22
"BETALL03_SH_09","BETALL","SH",30,13,1,15,12,"CL1",17
"BETALL03_SH_10","BETALL","SH",30,13,2,15,8,"CS2",17
"BETALL03_SH_11","BETALL","SH",37,16,2,15,12,"CL2",21
"BETALL03_SH_12","BETALL","SH",47,33,0,15,8,"CS0",14
"BETALL08_SH_01","BETALL","SH",30,13,2,15,12,"CL2",17
"BETALL08_SH_02","BETALL","SH",30,9,1,15,8,"CS1",21
"BETALL08_SH_03","BETALL","SH",42,33,0,15,8,"CS0",9
"BETALL08_SH_04","BETALL","SH",24,8,1,20,12,"WL1",16
"BETALL08_SH_05","BETALL","SH",26,18,0,20,12,"WL0",8
"BETALL08_SH_06","BETALL","SH",24,13,2,20,8,"WS2",11
"BETALL08_SH_07","BETALL","SH",17,13,1,15,12,"CL1",4
"BETALL08_SH_08","BETALL","SH",40,32,0,15,12,"CL0",8
"BETALL08_SH_09","BETALL","SH",44,13,2,15,8,"CS2",31
"BETALL08_SH_10","BETALL","SH",34,27,0,20,8,"WS0",7
"BETALL08_SH_11","BETALL","SH",20,20,2,20,12,"WL2",0
"BETALL09_SH_01","BETALL","SH",44,17,2,15,8,"CS2",27
"BETALL09_SH_02","BETALL","SH",40,34,0,20,8,"WS0",6
"BETALL09_SH_03","BETALL","SH",27,14,2,20,12,"WL2",13
"BETALL09_SH_04","BETALL","SH",30,15,1,15,8,"CS1",15
"BETALL09_SH_05","BETALL","SH",22,13,1,15,12,"CL1",9
"BETALL09_SH_06","BETALL","SH",39,29,0,20,12,"WL0",10
"BETALL09_SH_07","BETALL","SH",37,13,2,15,12,"CL2",24
"BETALL09_SH_08","BETALL","SH",68,42,0,15,8,"CS0",26
"BETALL09_SH_09","BETALL","SH",31,24,2,20,8,"WS2",7
"BETALL09_SH_11","BETALL","SH",48,32,0,15,12,"CL0",16
"BETALL09_SH_12","BETALL","SH",24,8,1,20,12,"WL1",16
"BETALL10_HF_01","BETALL","HF",NA,23,1,15,8,"CS1",NA
"BETALL10_HF_02","BETALL","HF",31,24,2,20,8,"WS2",7
"BETALL10_HF_03","BETALL","HF",68,33,0,15,8,"CS0",35
"BETALL10_HF_04","BETALL","HF",26,18,0,20,12,"WL0",8
"BETALL10_HF_05","BETALL","HF",36,14,2,20,12,"WL2",22
"BETALL10_HF_06","BETALL","HF",30,13,1,15,12,"CL1",17
"BETALL10_HF_08","BETALL","HF",38,13,1,20,12,"WL1",25
"BETALL10_HF_09","BETALL","HF",30,17,2,15,8,"CS2",13
"BETALL10_HF_10","BETALL","HF",34,26,0,20,8,"WS0",8
"BETALL10_HF_11","BETALL","HF",40,32,0,15,12,"CL0",8
"BETALL10_HF_12","BETALL","HF",37,23,2,15,12,"CL2",14
"BETALL10_SH_01","BETALL","SH",24,13,2,20,8,"WS2",11
"BETALL10_SH_02","BETALL","SH",29,26,0,20,12,"WL0",3
"BETALL10_SH_03","BETALL","SH",22,13,1,15,12,"CL1",9
"BETALL10_SH_04","BETALL","SH",34,26,0,20,8,"WS0",8
"BETALL10_SH_05","BETALL","SH",47,33,0,15,8,"CS0",14
"BETALL10_SH_07","BETALL","SH",30,13,2,15,8,"CS2",17
"BETALL10_SH_08","BETALL","SH",44,15,1,15,8,"CS1",29
"BETALL10_SH_09","BETALL","SH",27,14,2,20,12,"WL2",13
"BETALL10_SH_10","BETALL","SH",17,8,1,20,12,"WL1",9
"BETALL10_SH_11","BETALL","SH",40,32,0,15,12,"CL0",8
"BETALL10_SH_12","BETALL","SH",23,13,2,15,12,"CL2",10
"BETALL16_HF_01","BETALL","HF",30,17,2,15,8,"CS2",13
"BETALL16_HF_02","BETALL","HF",29,20,0,15,12,"CL0",9
"BETALL16_HF_03","BETALL","HF",27,14,2,20,12,"WL2",13
"BETALL16_HF_04","BETALL","HF",24,13,2,20,8,"WS2",11
"BETALL16_HF_05","BETALL","HF",53,33,0,15,8,"CS0",20
"BETALL16_HF_06","BETALL","HF",26,18,0,20,12,"WL0",8
"BETALL16_HF_07","BETALL","HF",34,26,0,20,8,"WS0",8
"BETALL16_HF_08","BETALL","HF",22,13,1,15,12,"CL1",9
"BETALL16_HF_09","BETALL","HF",30,15,1,15,8,"CS1",15
"BETALL16_HF_10","BETALL","HF",24,13,1,20,12,"WL1",11
"BETALL16_HF_11","BETALL","HF",30,13,2,15,12,"CL2",17
"BETALL17_HF_01","BETALL","HF",31,24,2,20,8,"WS2",7
"BETALL17_HF_02","BETALL","HF",24,13,1,20,12,"WL1",11
"BETALL17_HF_03","BETALL","HF",NA,NA,0,20,12,"WL0",NA
"BETALL17_HF_04","BETALL","HF",30,17,1,15,12,"CL1",13
"BETALL17_HF_05","BETALL","HF",30,23,2,15,12,"CL2",7
"BETALL17_HF_06","BETALL","HF",27,27,2,20,12,"WL2",0
"BETALL17_HF_07","BETALL","HF",34,34,0,15,12,"CL0",0
"BETALL17_HF_08","BETALL","HF",44,23,2,15,8,"CS2",21
"BETALL17_HF_10","BETALL","HF",34,27,0,20,8,"WS0",7
"BETALL17_HF_11","BETALL","HF",68,39,0,15,8,"CS0",29
"BETALL17_HF_12","BETALL","HF",44,23,1,15,8,"CS1",21
"BETALL18_HF_01","BETALL","HF",39,21,0,15,8,"CS0",18
"BETALL18_HF_02","BETALL","HF",NA,NA,2,20,12,"WL2",NA
"BETALL18_HF_03","BETALL","HF",27,27,0,20,8,"WS0",0
"BETALL18_HF_04","BETALL","HF",26,18,0,20,12,"WL0",8
"BETALL18_HF_05","BETALL","HF",38,8,1,20,12,"WL1",30
"BETALL18_HF_06","BETALL","HF",NA,NA,2,15,12,"CL2",NA
"BETALL18_HF_07","BETALL","HF",32,20,0,15,12,"CL0",12
"BETALL18_HF_08","BETALL","HF",NA,17,2,15,8,"CS2",NA
"BETALL18_HF_09","BETALL","HF",41,24,2,20,8,"WS2",17
"BETALL18_HF_11","BETALL","HF",30,15,1,15,8,"CS1",15
"BETALL18_HF_12","BETALL","HF",37,13,1,15,12,"CL1",24
"BETALL19_HF_01","BETALL","HF",29,20,0,15,12,"CL0",9
"BETALL19_HF_02","BETALL","HF",44,15,1,15,8,"CS1",29
"BETALL19_HF_03","BETALL","HF",31,8,1,20,12,"WL1",23
"BETALL19_HF_04","BETALL","HF",27,14,2,20,12,"WL2",13
"BETALL19_HF_05","BETALL","HF",37,13,1,15,12,"CL1",24
"BETALL19_HF_06","BETALL","HF",27,18,0,20,8,"WS0",9
"BETALL19_HF_07","BETALL","HF",31,13,2,20,8,"WS2",18
"BETALL19_HF_09","BETALL","HF",26,18,0,20,12,"WL0",8
"BETALL19_HF_10","BETALL","HF",30,13,2,15,12,"CL2",17
"BETALL19_HF_11","BETALL","HF",30,13,2,15,8,"CS2",17
"BETALL19_HF_12","BETALL","HF",42,33,0,15,8,"CS0",9
"BETALL20_HF_01","BETALL","HF",17,13,1,20,12,"WL1",4
"BETALL20_HF_02","BETALL","HF",30,13,1,15,12,"CL1",17
"BETALL20_HF_03","BETALL","HF",26,26,0,20,12,"WL0",0
"BETALL20_HF_04","BETALL","HF",27,14,2,20,12,"WL2",13
"BETALL20_HF_05","BETALL","HF",68,33,0,15,8,"CS0",35
"BETALL20_HF_06","BETALL","HF",30,13,2,15,12,"CL2",17
"BETALL20_HF_07","BETALL","HF",30,17,2,15,8,"CS2",13
"BETALL20_HF_09","BETALL","HF",40,29,0,15,12,"CL0",11
"BETALL20_HF_10","BETALL","HF",34,26,0,20,8,"WS0",8
"BETALL20_HF_11","BETALL","HF",31,24,2,20,8,"WS2",7
"BETALL20_HF_12","BETALL","HF",44,15,1,15,8,"CS1",29
"BETPAP04_SH_01","BETPAP","SH",68,21,0,15,8,"CS0",47
"BETPAP04_SH_02","BETPAP","SH",30,13,1,15,12,"CL1",17
"BETPAP04_SH_03","BETPAP","SH",34,32,0,15,12,"CL0",2
"BETPAP04_SH_04","BETPAP","SH",17,13,1,20,12,"WL1",4
"BETPAP04_SH_05","BETPAP","SH",27,14,2,20,12,"WL2",13
"BETPAP04_SH_06","BETPAP","SH",44,9,1,15,8,"CS1",35
"BETPAP04_SH_07","BETPAP","SH",30,17,2,15,8,"CS2",13
"BETPAP04_SH_08","BETPAP","SH",37,23,2,15,12,"CL2",14
"BETPAP04_SH_09","BETPAP","SH",31,13,2,20,8,"WS2",18
"BETPAP04_SH_10","BETPAP","SH",34,18,0,20,8,"WS0",16
"BETPAP04_SH_12","BETPAP","SH",26,18,0,20,12,"WL0",8
"BETPAP06_HF_01","BETPAP","HF",23,15,1,15,8,"CS1",8
"BETPAP06_HF_02","BETPAP","HF",30,17,2,15,8,"CS2",13
"BETPAP06_HF_03","BETPAP","HF",29,20,0,15,12,"CL0",9
"BETPAP06_HF_04","BETPAP","HF",13,8,1,20,12,"WL1",5
"BETPAP06_HF_05","BETPAP","HF",13,8,1,15,12,"CL1",5
"BETPAP06_HF_07","BETPAP","HF",33,21,0,15,8,"CS0",12
"BETPAP06_HF_08","BETPAP","HF",23,13,2,15,12,"CL2",10
"BETPAP06_HF_09","BETPAP","HF",27,18,0,20,8,"WS0",9
"BETPAP06_HF_10","BETPAP","HF",24,13,2,20,8,"WS2",11
"BETPAP06_HF_11","BETPAP","HF",26,13,0,20,12,"WL0",13
"BETPAP06_HF_12","BETPAP","HF",36,14,2,20,12,"WL2",22
"BETPAP06_SH_01","BETPAP","SH",NA,NA,2,20,12,"WL2",NA
"BETPAP06_SH_02","BETPAP","SH",NA,NA,2,20,8,"WS2",NA
"BETPAP06_SH_03","BETPAP","SH",26,13,0,20,12,"WL0",13
"BETPAP06_SH_04","BETPAP","SH",53,21,0,15,8,"CS0",32
"BETPAP06_SH_05","BETPAP","SH",26,26,0,20,8,"WS0",0
"BETPAP06_SH_06","BETPAP","SH",68,29,0,15,12,"CL0",39
"BETPAP06_SH_07","BETPAP","SH",30,13,2,15,12,"CL2",17
"BETPAP06_SH_08","BETPAP","SH",30,17,2,15,8,"CS2",13
"BETPAP06_SH_09","BETPAP","SH",30,15,1,15,8,"CS1",15
"BETPAP06_SH_10","BETPAP","SH",30,13,1,15,12,"CL1",17
"BETPAP06_SH_11","BETPAP","SH",38,13,1,20,12,"WL1",25
"BETPAP07_HF_01","BETPAP","HF",27,27,2,20,12,"WL2",0
"BETPAP07_HF_02","BETPAP","HF",34,18,0,20,8,"WS0",16
"BETPAP07_HF_03","BETPAP","HF",33,21,0,15,8,"CS0",12
"BETPAP07_HF_04","BETPAP","HF",13,8,1,15,12,"CL1",5
"BETPAP07_HF_05","BETPAP","HF",30,13,2,15,12,"CL2",17
"BETPAP07_HF_07","BETPAP","HF",17,13,2,15,8,"CS2",4
"BETPAP07_HF_08","BETPAP","HF",29,13,0,20,12,"WL0",16
"BETPAP07_HF_09","BETPAP","HF",15,9,1,15,8,"CS1",6
"BETPAP07_HF_10","BETPAP","HF",24,13,2,20,8,"WS2",11
"BETPAP07_HF_11","BETPAP","HF",32,20,0,15,12,"CL0",12
"BETPAP07_HF_12","BETPAP","HF",8,8,1,20,12,"WL1",0
"BETPAP07_SH_01","BETPAP","SH",43,22,1,15,12,"CL1",21
"BETPAP07_SH_02","BETPAP","SH",44,13,2,15,8,"CS2",31
"BETPAP07_SH_03","BETPAP","SH",26,18,0,20,12,"WL0",8
"BETPAP07_SH_04","BETPAP","SH",52,15,1,15,8,"CS1",37
"BETPAP07_SH_05","BETPAP","SH",31,13,1,20,12,"WL1",18
"BETPAP07_SH_06","BETPAP","SH",42,33,0,15,8,"CS0",9
"BETPAP07_SH_08","BETPAP","SH",43,16,2,15,12,"CL2",27
"BETPAP07_SH_09","BETPAP","SH",NA,NA,2,20,12,"WL2",NA
"BETPAP07_SH_10","BETPAP","SH",31,13,2,20,8,"WS2",18
"BETPAP07_SH_11","BETPAP","SH",34,27,0,20,8,"WS0",7
"BETPAP07_SH_12","BETPAP","SH",40,32,0,15,12,"CL0",8
"BETPAP08_SH_01","BETPAP","SH",68,33,0,15,8,"CS0",35
"BETPAP08_SH_02","BETPAP","SH",44,15,1,15,8,"CS1",29
"BETPAP08_SH_03","BETPAP","SH",56,27,0,20,8,"WS0",29
"BETPAP08_SH_04","BETPAP","SH",31,13,2,20,8,"WS2",18
"BETPAP08_SH_05","BETPAP","SH",NA,NA,0,20,12,"WL0",NA
"BETPAP08_SH_07","BETPAP","SH",48,34,0,15,12,"CL0",14
"BETPAP08_SH_08","BETPAP","SH",14,14,2,20,12,"WL2",0
"BETPAP08_SH_09","BETPAP","SH",22,17,1,15,12,"CL1",5
"BETPAP08_SH_10","BETPAP","SH",52,23,2,15,8,"CS2",29
"BETPAP08_SH_11","BETPAP","SH",37,23,2,15,12,"CL2",14
"BETPAP08_SH_12","BETPAP","SH",31,13,1,20,12,"WL1",18
"BETPAP09_HF_01","BETPAP","HF",NA,NA,1,15,12,"CL1",NA
"BETPAP09_HF_02","BETPAP","HF",39,21,0,15,8,"CS0",18
"BETPAP09_HF_03","BETPAP","HF",37,13,2,15,12,"CL2",24
"BETPAP09_HF_04","BETPAP","HF",24,13,2,20,8,"WS2",11
"BETPAP09_HF_05","BETPAP","HF",36,14,2,20,12,"WL2",22
"BETPAP09_HF_06","BETPAP","HF",23,9,1,15,8,"CS1",14
"BETPAP09_HF_08","BETPAP","HF",13,8,1,20,12,"WL1",5
"BETPAP09_HF_09","BETPAP","HF",30,13,2,15,8,"CS2",17
"BETPAP09_HF_10","BETPAP","HF",26,13,0,20,12,"WL0",13
"BETPAP09_HF_11","BETPAP","HF",27,18,0,20,8,"WS0",9
"BETPAP09_HF_12","BETPAP","HF",32,20,0,15,12,"CL0",12
"BETPAP09_SH_01","BETPAP","SH",30,16,2,15,12,"CL2",14
"BETPAP09_SH_02","BETPAP","SH",26,18,0,20,12,"WL0",8
"BETPAP09_SH_03","BETPAP","SH",34,20,0,15,12,"CL0",14
"BETPAP09_SH_04","BETPAP","SH",44,13,2,15,8,"CS2",31
"BETPAP09_SH_05","BETPAP","SH",44,15,1,15,8,"CS1",29
"BETPAP09_SH_06","BETPAP","SH",22,13,1,15,12,"CL1",9
"BETPAP09_SH_07","BETPAP","SH",27,14,2,20,12,"WL2",13
"BETPAP09_SH_08","BETPAP","SH",34,18,0,20,8,"WS0",16
"BETPAP09_SH_09","BETPAP","SH",17,13,1,20,12,"WL1",4
"BETPAP09_SH_10","BETPAP","SH",68,33,0,15,8,"CS0",35
"BETPAP09_SH_11","BETPAP","SH",24,13,2,20,8,"WS2",11
"BETPAP10_SH_01","BETPAP","SH",NA,29,0,20,8,"WS0",NA
"BETPAP10_SH_02","BETPAP","SH",40,20,0,15,12,"CL0",20
"BETPAP10_SH_03","BETPAP","SH",53,21,0,15,8,"CS0",32
"BETPAP10_SH_04","BETPAP","SH",30,16,2,15,12,"CL2",14
"BETPAP10_SH_06","BETPAP","SH",44,13,2,15,8,"CS2",31
"BETPAP10_SH_07","BETPAP","SH",20,14,2,20,12,"WL2",6
"BETPAP10_SH_08","BETPAP","SH",26,13,0,20,12,"WL0",13
"BETPAP10_SH_09","BETPAP","SH",30,15,1,15,8,"CS1",15
"BETPAP10_SH_10","BETPAP","SH",24,13,2,20,8,"WS2",11
"BETPAP10_SH_11","BETPAP","SH",13,13,1,20,12,"WL1",0
"BETPAP10_SH_12","BETPAP","SH",30,13,1,15,12,"CL1",17
"BETPAP13_HF_01","BETPAP","HF",26,18,0,20,8,"WS0",8
"BETPAP13_HF_02","BETPAP","HF",44,15,1,15,8,"CS1",29
"BETPAP13_HF_03","BETPAP","HF",47,21,0,15,8,"CS0",26
"BETPAP13_HF_04","BETPAP","HF",44,23,2,15,8,"CS2",21
"BETPAP13_HF_05","BETPAP","HF",24,13,1,20,12,"WL1",11
"BETPAP13_HF_06","BETPAP","HF",61,20,0,15,12,"CL0",41
"BETPAP13_HF_07","BETPAP","HF",23,16,2,15,12,"CL2",7
"BETPAP13_HF_09","BETPAP","HF",27,14,2,20,12,"WL2",13
"BETPAP13_HF_10","BETPAP","HF",33,26,0,20,12,"WL0",7
"BETPAP13_HF_11","BETPAP","HF",NA,50,2,20,8,"WS2",NA
"BETPAP13_HF_12","BETPAP","HF",30,13,1,15,12,"CL1",17
"BETPAP14_HF_01","BETPAP","HF",22,13,1,15,12,"CL1",9
"BETPAP14_HF_02","BETPAP","HF",26,18,0,20,12,"WL0",8
"BETPAP14_HF_03","BETPAP","HF",27,18,0,20,8,"WS0",9
"BETPAP14_HF_05","BETPAP","HF",52,15,1,15,8,"CS1",37
"BETPAP14_HF_06","BETPAP","HF",NA,NA,2,20,12,"WL2",NA
"BETPAP14_HF_07","BETPAP","HF",39,21,0,15,8,"CS0",18
"BETPAP14_HF_08","BETPAP","HF",NA,NA,2,20,8,"WS2",NA
"BETPAP14_HF_09","BETPAP","HF",32,20,0,15,12,"CL0",12
"BETPAP14_HF_10","BETPAP","HF",NA,NA,2,15,8,"CS2",NA
"BETPAP14_HF_11","BETPAP","HF",24,13,1,20,12,"WL1",11
"BETPAP14_HF_12","BETPAP","HF",30,16,2,15,12,"CL2",14
"BETPAP15_HF_01","BETPAP","HF",30,13,2,15,8,"CS2",17
"BETPAP15_HF_02","BETPAP","HF",NA,NA,1,20,12,"WL1",NA
"BETPAP15_HF_03","BETPAP","HF",29,27,0,20,8,"WS0",2
"BETPAP15_HF_04","BETPAP","HF",29,26,0,20,12,"WL0",3
"BETPAP15_HF_06","BETPAP","HF",52,23,1,15,8,"CS1",29
"BETPAP15_HF_07","BETPAP","HF",47,33,0,15,8,"CS0",14
"BETPAP15_HF_08","BETPAP","HF",14,14,2,20,12,"WL2",0
"BETPAP15_HF_09","BETPAP","HF",31,13,2,20,8,"WS2",18
"BETPAP15_HF_10","BETPAP","HF",32,32,0,15,12,"CL0",0
"BETPAP15_HF_11","BETPAP","HF",23,13,2,15,12,"CL2",10
"BETPAP15_HF_12","BETPAP","HF",30,13,1,15,12,"CL1",17
"FAGGRA02_SH_01","FAGGRA","SH",47,42,0,20,12,"WL0",5
"FAGGRA02_SH_02","FAGGRA","SH",NA,12,0,20,8,"WS0",NA
"FAGGRA02_SH_03","FAGGRA","SH",54,43,0,15,12,"CL0",11
"FAGGRA02_SH_04","FAGGRA","SH",NA,82,0,15,8,"CS0",NA
"FAGGRA02_SH_06","FAGGRA","SH",NA,44,1,15,8,"CS1",NA
"FAGGRA02_SH_07","FAGGRA","SH",31,24,1,20,12,"WL1",7
"FAGGRA02_SH_08","FAGGRA","SH",NA,50,2,20,8,"WS2",NA
"FAGGRA02_SH_09","FAGGRA","SH",NA,44,2,15,8,"CS2",NA
"FAGGRA02_SH_10","FAGGRA","SH",NA,37,1,15,12,"CL1",NA
"FAGGRA02_SH_11","FAGGRA","SH",43,30,2,15,12,"CL2",13
"FAGGRA02_SH_12","FAGGRA","SH",36,27,2,20,12,"WL2",9
"FAGGRA03_HF_01","FAGGRA","HF",45,38,1,20,12,"WL1",7
"FAGGRA03_HF_02","FAGGRA","HF",NA,NA,2,20,8,"WS2",NA
"FAGGRA03_HF_03","FAGGRA","HF",NA,82,0,15,8,"CS0",NA
"FAGGRA03_HF_04","FAGGRA","HF",NA,NA,0,15,12,"CL0",NA
"FAGGRA03_HF_06","FAGGRA","HF",NA,52,2,15,8,"CS2",NA
"FAGGRA03_HF_07","FAGGRA","HF",51,43,1,15,12,"CL1",8
"FAGGRA03_HF_08","FAGGRA","HF",NA,NA,0,20,12,"WL0",NA
"FAGGRA03_HF_09","FAGGRA","HF",NA,NA,1,15,8,"CS1",NA
"FAGGRA03_HF_10","FAGGRA","HF",NA,43,2,15,12,"CL2",NA
"FAGGRA03_HF_11","FAGGRA","HF",NA,NA,0,20,8,"WS0",NA
"FAGGRA03_HF_12","FAGGRA","HF",NA,36,2,20,12,"WL2",NA
"FAGGRA04_SH_02","FAGGRA","SH",29,29,0,20,8,"WS0",0
"FAGGRA04_SH_03","FAGGRA","SH",NA,56,2,20,8,"WS2",NA
"FAGGRA04_SH_04","FAGGRA","SH",NA,68,0,15,8,"CS0",NA
"FAGGRA04_SH_05","FAGGRA","SH",61,43,0,15,12,"CL0",18
"FAGGRA04_SH_06","FAGGRA","SH",NA,NA,1,15,8,"CS1",NA
"FAGGRA04_SH_07","FAGGRA","SH",NA,27,2,20,12,"WL2",NA
"FAGGRA04_SH_08","FAGGRA","SH",50,30,2,15,12,"CL2",20
"FAGGRA04_SH_09","FAGGRA","SH",NA,NA,0,20,12,"WL0",NA
"FAGGRA04_SH_10","FAGGRA","SH",43,37,1,15,12,"CL1",6
"FAGGRA04_SH_11","FAGGRA","SH",NA,30,2,15,8,"CS2",NA
"FAGGRA04_SH_12","FAGGRA","SH",45,45,1,20,12,"WL1",0
"FAGGRA05_SH_01","FAGGRA","SH",61,48,0,15,12,"CL0",13
"FAGGRA05_SH_02","FAGGRA","SH",NA,44,2,15,8,"CS2",NA
"FAGGRA05_SH_03","FAGGRA","SH",45,45,1,20,12,"WL1",0
"FAGGRA05_SH_04","FAGGRA","SH",NA,NA,0,20,8,"WS0",NA
"FAGGRA05_SH_05","FAGGRA","SH",NA,14,2,20,12,"WL2",NA
"FAGGRA05_SH_06","FAGGRA","SH",NA,NA,2,20,8,"WS2",NA
"FAGGRA05_SH_07","FAGGRA","SH",NA,NA,1,15,8,"CS1",NA
"FAGGRA05_SH_08","FAGGRA","SH",NA,43,2,15,12,"CL2",NA
"FAGGRA05_SH_10","FAGGRA","SH",NA,82,0,15,8,"CS0",NA
"FAGGRA05_SH_11","FAGGRA","SH",NA,57,1,15,12,"CL1",NA
"FAGGRA05_SH_12","FAGGRA","SH",NA,47,0,20,12,"WL0",NA
"FAGGRA06_SH_01","FAGGRA","SH",NA,NA,2,20,8,"WS2",NA
"FAGGRA06_SH_02","FAGGRA","SH",NA,52,1,15,8,"CS1",NA
"FAGGRA06_SH_03","FAGGRA","SH",36,27,2,20,12,"WL2",9
"FAGGRA06_SH_04","FAGGRA","SH",61,54,0,15,12,"CL0",7
"FAGGRA06_SH_05","FAGGRA","SH",53,39,0,20,12,"WL0",14
"FAGGRA06_SH_06","FAGGRA","SH",68,68,0,20,8,"WS0",0
"FAGGRA06_SH_07","FAGGRA","SH",NA,52,2,15,8,"CS2",NA
"FAGGRA06_SH_09","FAGGRA","SH",43,37,1,15,12,"CL1",6
"FAGGRA06_SH_10","FAGGRA","SH",NA,75,0,15,8,"CS0",NA
"FAGGRA06_SH_11","FAGGRA","SH",43,37,2,15,12,"CL2",6
"FAGGRA06_SH_12","FAGGRA","SH",NA,38,1,20,12,"WL1",NA
"FAGGRA07_SH_01","FAGGRA","SH",43,30,2,15,12,"CL2",13
"FAGGRA07_SH_02","FAGGRA","SH",NA,NA,0,20,8,"WS0",NA
"FAGGRA07_SH_03","FAGGRA","SH",NA,NA,1,15,12,"CL1",NA
"FAGGRA07_SH_04","FAGGRA","SH",NA,44,1,15,8,"CS1",NA
"FAGGRA07_SH_05","FAGGRA","SH",38,31,1,20,12,"WL1",7
"FAGGRA07_SH_07","FAGGRA","SH",NA,52,2,15,8,"CS2",NA
"FAGGRA07_SH_08","FAGGRA","SH",14,14,2,20,12,"WL2",0
"FAGGRA07_SH_09","FAGGRA","SH",NA,NA,0,20,12,"WL0",NA
"FAGGRA07_SH_10","FAGGRA","SH",61,29,0,15,12,"CL0",32
"FAGGRA07_SH_11","FAGGRA","SH",82,75,0,15,8,"CS0",7
"FAGGRA07_SH_12","FAGGRA","SH",NA,NA,2,20,8,"WS2",NA
"FAGGRA08_SH_01","FAGGRA","SH",NA,NA,0,20,12,"WL0",NA
"FAGGRA08_SH_03","FAGGRA","SH",NA,NA,2,15,8,"CS2",NA
"FAGGRA08_SH_04","FAGGRA","SH",NA,NA,0,15,8,"CS0",NA
"FAGGRA08_SH_05","FAGGRA","SH",NA,NA,0,20,8,"WS0",NA
"FAGGRA08_SH_06","FAGGRA","SH",43,37,1,15,12,"CL1",6
"FAGGRA08_SH_07","FAGGRA","SH",43,43,2,15,12,"CL2",0
"FAGGRA08_SH_08","FAGGRA","SH",NA,NA,2,20,8,"WS2",NA
"FAGGRA08_SH_09","FAGGRA","SH",NA,61,0,15,12,"CL0",NA
"FAGGRA08_SH_10","FAGGRA","SH",NA,NA,1,15,8,"CS1",NA
"FAGGRA08_SH_11","FAGGRA","SH",45,38,1,20,12,"WL1",7
"FAGGRA08_SH_12","FAGGRA","SH",36,36,2,20,12,"WL2",0
"FAGGRA09_HF_01","FAGGRA","HF",53,39,0,20,12,"WL0",14
"FAGGRA09_HF_02","FAGGRA","HF",75,47,0,15,8,"CS0",28
"FAGGRA09_HF_03","FAGGRA","HF",NA,56,2,20,8,"WS2",NA
"FAGGRA09_HF_04","FAGGRA","HF",NA,44,1,15,8,"CS1",NA
"FAGGRA09_HF_05","FAGGRA","HF",68,54,0,15,12,"CL0",14
"FAGGRA09_HF_06","FAGGRA","HF",31,31,1,20,12,"WL1",0
"FAGGRA09_HF_07","FAGGRA","HF",NA,23,2,15,8,"CS2",NA
"FAGGRA09_HF_08","FAGGRA","HF",43,30,2,15,12,"CL2",13
"FAGGRA09_HF_09","FAGGRA","HF",34,34,0,20,8,"WS0",0
"FAGGRA09_HF_11","FAGGRA","HF",NA,27,2,20,12,"WL2",NA
"FAGGRA09_HF_12","FAGGRA","HF",37,22,1,15,12,"CL1",15
"FAGGRA10_HF_01","FAGGRA","HF",NA,68,0,20,8,"WS0",NA
"FAGGRA10_HF_02","FAGGRA","HF",48,43,0,15,12,"CL0",5
"FAGGRA10_HF_03","FAGGRA","HF",NA,50,2,20,8,"WS2",NA
"FAGGRA10_HF_04","FAGGRA","HF",NA,44,2,15,8,"CS2",NA
"FAGGRA10_HF_06","FAGGRA","HF",82,68,0,15,8,"CS0",14
"FAGGRA10_HF_07","FAGGRA","HF",NA,NA,1,20,12,"WL1",NA
"FAGGRA10_HF_08","FAGGRA","HF",36,27,2,20,12,"WL2",9
"FAGGRA10_HF_09","FAGGRA","HF",NA,51,1,15,12,"CL1",NA
"FAGGRA10_HF_10","FAGGRA","HF",NA,53,0,20,12,"WL0",NA
"FAGGRA10_HF_11","FAGGRA","HF",43,30,2,15,12,"CL2",13
"FAGGRA10_HF_12","FAGGRA","HF",52,52,1,15,8,"CS1",0
"FAGGRA11_HF_01","FAGGRA","HF",43,30,2,15,12,"CL2",13
"FAGGRA11_HF_02","FAGGRA","HF",54,48,0,15,12,"CL0",6
"FAGGRA11_HF_03","FAGGRA","HF",52,44,1,15,8,"CS1",8
"FAGGRA11_HF_04","FAGGRA","HF",68,68,0,20,8,"WS0",0
"FAGGRA11_HF_05","FAGGRA","HF",NA,NA,0,20,12,"WL0",NA
"FAGGRA11_HF_07","FAGGRA","HF",75,68,0,15,8,"CS0",7
"FAGGRA11_HF_08","FAGGRA","HF",27,27,2,20,12,"WL2",0
"FAGGRA11_HF_09","FAGGRA","HF",NA,NA,2,20,8,"WS2",NA
"FAGGRA11_HF_10","FAGGRA","HF",31,31,1,20,12,"WL1",0
"FAGGRA11_HF_11","FAGGRA","HF",NA,44,2,15,8,"CS2",NA
"FAGGRA11_HF_12","FAGGRA","HF",30,30,1,15,12,"CL1",0
"FAGGRA13_HF_01","FAGGRA","HF",52,30,1,15,8,"CS1",22
"FAGGRA13_HF_03","FAGGRA","HF",56,41,2,20,8,"WS2",15
"FAGGRA13_HF_04","FAGGRA","HF",43,30,1,15,12,"CL1",13
"FAGGRA13_HF_05","FAGGRA","HF",24,24,1,20,12,"WL1",0
"FAGGRA13_HF_06","FAGGRA","HF",27,27,2,20,12,"WL2",0
"FAGGRA13_HF_07","FAGGRA","HF",68,42,0,15,8,"CS0",26
"FAGGRA13_HF_08","FAGGRA","HF",40,32,0,15,12,"CL0",8
"FAGGRA13_HF_09","FAGGRA","HF",39,26,0,20,12,"WL0",13
"FAGGRA13_HF_10","FAGGRA","HF",44,44,2,15,8,"CS2",0
"FAGGRA13_HF_11","FAGGRA","HF",NA,43,0,20,8,"WS0",NA
"FAGGRA13_HF_12","FAGGRA","HF",43,30,2,15,12,"CL2",13
"FAGGRA14_HF_01","FAGGRA","HF",50,37,2,15,12,"CL2",13
"FAGGRA14_HF_02","FAGGRA","HF",NA,NA,1,15,8,"CS1",NA
"FAGGRA14_HF_03","FAGGRA","HF",29,29,0,20,8,"WS0",0
"FAGGRA14_HF_04","FAGGRA","HF",NA,NA,2,15,8,"CS2",NA
"FAGGRA14_HF_05","FAGGRA","HF",45,38,1,20,12,"WL1",7
"FAGGRA14_HF_06","FAGGRA","HF",61,48,0,15,12,"CL0",13
"FAGGRA14_HF_07","FAGGRA","HF",47,39,0,20,12,"WL0",8
"FAGGRA14_HF_08","FAGGRA","HF",NA,43,1,15,12,"CL1",NA
"FAGGRA14_HF_09","FAGGRA","HF",NA,27,2,20,12,"WL2",NA
"FAGGRA14_HF_10","FAGGRA","HF",NA,NA,2,20,8,"WS2",NA
"FAGGRA14_HF_11","FAGGRA","HF",82,68,0,15,8,"CS0",14
"ILEMUC01_SH_01","ILEMUC","SH",40,29,0,15,12,"CL0",11
"ILEMUC01_SH_02","ILEMUC","SH",18,13,0,20,12,"WL0",5
"ILEMUC01_SH_03","ILEMUC","SH",23,23,2,15,12,"CL2",0
"ILEMUC01_SH_04","ILEMUC","SH",13,8,1,15,12,"CL1",5
"ILEMUC01_SH_05","ILEMUC","SH",24,24,2,20,8,"WS2",0
"ILEMUC01_SH_06","ILEMUC","SH",30,13,2,15,8,"CS2",17
"ILEMUC01_SH_07","ILEMUC","SH",NA,NA,1,20,12,"WL1",NA
"ILEMUC01_SH_08","ILEMUC","SH",44,15,1,15,8,"CS1",29
"ILEMUC01_SH_09","ILEMUC","SH",39,13,0,15,8,"CS0",26
"ILEMUC01_SH_10","ILEMUC","SH",26,18,0,20,8,"WS0",8
"ILEMUC01_SH_11","ILEMUC","SH",27,14,2,20,12,"WL2",13
"ILEMUC03_HF_01","ILEMUC","HF",33,13,0,15,8,"CS0",20
"ILEMUC03_HF_02","ILEMUC","HF",30,15,1,15,8,"CS1",15
"ILEMUC03_HF_03","ILEMUC","HF",13,8,1,20,12,"WL1",5
"ILEMUC03_HF_04","ILEMUC","HF",13,13,0,20,12,"WL0",0
"ILEMUC03_HF_05","ILEMUC","HF",29,20,0,15,12,"CL0",9
"ILEMUC03_HF_06","ILEMUC","HF",30,13,2,15,8,"CS2",17
"ILEMUC03_HF_07","ILEMUC","HF",23,13,2,15,12,"CL2",10
"ILEMUC03_HF_08","ILEMUC","HF",27,14,2,20,12,"WL2",13
"ILEMUC03_HF_09","ILEMUC","HF",24,13,2,20,8,"WS2",11
"ILEMUC03_HF_10","ILEMUC","HF",18,12,0,20,8,"WS0",6
"ILEMUC03_HF_11","ILEMUC","HF",17,8,1,15,12,"CL1",9
"ILEMUC03_SH_01","ILEMUC","SH",44,23,1,15,8,"CS1",21
"ILEMUC03_SH_02","ILEMUC","SH",29,20,0,15,12,"CL0",9
"ILEMUC03_SH_03","ILEMUC","SH",26,13,0,20,12,"WL0",13
"ILEMUC03_SH_04","ILEMUC","SH",14,14,2,20,12,"WL2",0
"ILEMUC03_SH_06","ILEMUC","SH",13,8,1,20,12,"WL1",5
"ILEMUC03_SH_07","ILEMUC","SH",30,17,1,15,12,"CL1",13
"ILEMUC03_SH_08","ILEMUC","SH",39,33,0,15,8,"CS0",6
"ILEMUC03_SH_09","ILEMUC","SH",30,17,2,15,8,"CS2",13
"ILEMUC03_SH_10","ILEMUC","SH",23,13,2,15,12,"CL2",10
"ILEMUC03_SH_11","ILEMUC","SH",27,18,0,20,8,"WS0",9
"ILEMUC03_SH_12","ILEMUC","SH",24,24,2,20,8,"WS2",0
"ILEMUC04_HF_01","ILEMUC","HF",39,21,0,15,8,"CS0",18
"ILEMUC04_HF_02","ILEMUC","HF",13,8,1,15,12,"CL1",5
"ILEMUC04_HF_03","ILEMUC","HF",NA,NA,2,15,12,"CL2",NA
"ILEMUC04_HF_04","ILEMUC","HF",30,13,2,15,8,"CS2",17
"ILEMUC04_HF_05","ILEMUC","HF",18,12,0,20,8,"WS0",6
"ILEMUC04_HF_06","ILEMUC","HF",20,12,0,15,12,"CL0",8
"ILEMUC04_HF_07","ILEMUC","HF",13,13,0,20,12,"WL0",0
"ILEMUC04_HF_08","ILEMUC","HF",30,9,1,15,8,"CS1",21
"ILEMUC04_HF_09","ILEMUC","HF",NA,NA,2,20,8,"WS2",NA
"ILEMUC04_HF_10","ILEMUC","HF",NA,NA,2,20,12,"WL2",NA
"ILEMUC04_HF_11","ILEMUC","HF",13,8,1,20,12,"WL1",5
"ILEMUC04_SH_01","ILEMUC","SH",39,21,0,15,8,"CS0",18
"ILEMUC04_SH_02","ILEMUC","SH",13,13,0,20,12,"WL0",0
"ILEMUC04_SH_03","ILEMUC","SH",13,8,1,20,12,"WL1",5
"ILEMUC04_SH_04","ILEMUC","SH",23,13,2,15,12,"CL2",10
"ILEMUC04_SH_05","ILEMUC","SH",30,15,1,15,8,"CS1",15
"ILEMUC04_SH_06","ILEMUC","SH",26,18,0,20,8,"WS0",8
"ILEMUC04_SH_07","ILEMUC","SH",24,13,2,20,8,"WS2",11
"ILEMUC04_SH_08","ILEMUC","SH",32,12,0,15,12,"CL0",20
"ILEMUC04_SH_09","ILEMUC","SH",13,8,1,15,12,"CL1",5
"ILEMUC04_SH_10","ILEMUC","SH",14,14,2,20,12,"WL2",0
"ILEMUC04_SH_11","ILEMUC","SH",30,13,2,15,8,"CS2",17
"ILEMUC05_HF_01","ILEMUC","HF",13,8,1,20,12,"WL1",5
"ILEMUC05_HF_02","ILEMUC","HF",30,13,2,15,12,"CL2",17
"ILEMUC05_HF_03","ILEMUC","HF",30,13,2,15,8,"CS2",17
"ILEMUC05_HF_04","ILEMUC","HF",30,9,1,15,8,"CS1",21
"ILEMUC05_HF_06","ILEMUC","HF",13,13,0,20,12,"WL0",0
"ILEMUC05_HF_07","ILEMUC","HF",27,14,2,20,12,"WL2",13
"ILEMUC05_HF_08","ILEMUC","HF",18,18,0,20,8,"WS0",0
"ILEMUC05_HF_09","ILEMUC","HF",33,13,0,15,8,"CS0",20
"ILEMUC05_HF_10","ILEMUC","HF",32,20,0,15,12,"CL0",12
"ILEMUC05_HF_11","ILEMUC","HF",24,13,2,20,8,"WS2",11
"ILEMUC05_HF_12","ILEMUC","HF",22,8,1,15,12,"CL1",14
"ILEMUC05_SH_01","ILEMUC","SH",27,18,0,20,8,"WS0",9
"ILEMUC05_SH_02","ILEMUC","SH",14,14,2,20,12,"WL2",0
"ILEMUC05_SH_03","ILEMUC","SH",39,13,0,15,8,"CS0",26
"ILEMUC05_SH_04","ILEMUC","SH",22,13,1,15,12,"CL1",9
"ILEMUC05_SH_05","ILEMUC","SH",34,20,0,15,12,"CL0",14
"ILEMUC05_SH_06","ILEMUC","SH",24,24,2,20,8,"WS2",0
"ILEMUC05_SH_08","ILEMUC","SH",30,15,1,15,8,"CS1",15
"ILEMUC05_SH_09","ILEMUC","SH",23,13,2,15,12,"CL2",10
"ILEMUC05_SH_10","ILEMUC","SH",18,13,0,20,12,"WL0",5
"ILEMUC05_SH_11","ILEMUC","SH",13,8,1,20,12,"WL1",5
"ILEMUC05_SH_12","ILEMUC","SH",30,13,2,15,8,"CS2",17
"ILEMUC06_HF_02","ILEMUC","HF",34,26,0,20,8,"WS0",8
"ILEMUC06_HF_03","ILEMUC","HF",37,17,1,15,12,"CL1",20
"ILEMUC06_HF_04","ILEMUC","HF",44,30,2,15,8,"CS2",14
"ILEMUC06_HF_05","ILEMUC","HF",26,18,0,20,12,"WL0",8
"ILEMUC06_HF_06","ILEMUC","HF",44,23,1,15,8,"CS1",21
"ILEMUC06_HF_07","ILEMUC","HF",43,34,0,15,12,"CL0",9
"ILEMUC06_HF_08","ILEMUC","HF",27,14,2,20,12,"WL2",13
"ILEMUC06_HF_09","ILEMUC","HF",37,23,2,15,12,"CL2",14
"ILEMUC06_HF_10","ILEMUC","HF",56,56,2,20,8,"WS2",0
"ILEMUC06_HF_11","ILEMUC","HF",13,13,1,20,12,"WL1",0
"ILEMUC06_HF_12","ILEMUC","HF",68,33,0,15,8,"CS0",35
"ILEMUC06_SH_01","ILEMUC","SH",22,13,1,15,12,"CL1",9
"ILEMUC06_SH_03","ILEMUC","SH",30,15,1,15,8,"CS1",15
"ILEMUC06_SH_04","ILEMUC","SH",23,13,2,15,12,"CL2",10
"ILEMUC06_SH_05","ILEMUC","SH",24,24,2,20,8,"WS2",0
"ILEMUC06_SH_06","ILEMUC","SH",27,12,0,20,8,"WS0",15
"ILEMUC06_SH_07","ILEMUC","SH",32,20,0,15,12,"CL0",12
"ILEMUC06_SH_08","ILEMUC","SH",13,8,1,20,12,"WL1",5
"ILEMUC06_SH_09","ILEMUC","SH",18,18,0,20,12,"WL0",0
"ILEMUC06_SH_10","ILEMUC","SH",14,14,2,20,12,"WL2",0
"ILEMUC06_SH_11","ILEMUC","SH",33,21,0,15,8,"CS0",12
"ILEMUC06_SH_12","ILEMUC","SH",30,13,2,15,8,"CS2",17
"ILEMUC07_HF_01","ILEMUC","HF",18,13,0,20,12,"WL0",5
"ILEMUC07_HF_02","ILEMUC","HF",39,13,0,15,8,"CS0",26
"ILEMUC07_HF_03","ILEMUC","HF",24,13,2,20,8,"WS2",11
"ILEMUC07_HF_04","ILEMUC","HF",30,17,2,15,8,"CS2",13
"ILEMUC07_HF_05","ILEMUC","HF",27,12,0,20,8,"WS0",15
"ILEMUC07_HF_06","ILEMUC","HF",30,9,1,15,8,"CS1",21
"ILEMUC07_HF_07","ILEMUC","HF",14,14,2,20,12,"WL2",0
"ILEMUC07_HF_08","ILEMUC","HF",22,8,1,15,12,"CL1",14
"ILEMUC07_HF_10","ILEMUC","HF",29,20,0,15,12,"CL0",9
"ILEMUC07_HF_11","ILEMUC","HF",13,8,1,20,12,"WL1",5
"ILEMUC07_HF_12","ILEMUC","HF",23,13,2,15,12,"CL2",10
"ILEMUC07_SH_01","ILEMUC","SH",33,21,0,15,8,"CS0",12
"ILEMUC07_SH_02","ILEMUC","SH",26,13,0,20,8,"WS0",13
"ILEMUC07_SH_04","ILEMUC","SH",30,15,1,15,8,"CS1",15
"ILEMUC07_SH_05","ILEMUC","SH",24,13,2,20,8,"WS2",11
"ILEMUC07_SH_06","ILEMUC","SH",23,13,2,15,8,"CS2",10
"ILEMUC07_SH_07","ILEMUC","SH",32,20,0,15,12,"CL0",12
"ILEMUC07_SH_08","ILEMUC","SH",13,8,1,15,12,"CL1",5
"ILEMUC07_SH_09","ILEMUC","SH",13,8,1,20,12,"WL1",5
"ILEMUC07_SH_10","ILEMUC","SH",23,13,2,15,12,"CL2",10
"ILEMUC07_SH_11","ILEMUC","SH",20,14,2,20,12,"WL2",6
"ILEMUC07_SH_12","ILEMUC","SH",18,13,0,20,12,"WL0",5
"ILEMUC08_HF_01","ILEMUC","HF",30,13,2,15,12,"CL2",17
"ILEMUC08_HF_02","ILEMUC","HF",31,24,2,20,8,"WS2",7
"ILEMUC08_HF_03","ILEMUC","HF",32,20,0,15,12,"CL0",12
"ILEMUC08_HF_04","ILEMUC","HF",44,13,2,15,8,"CS2",31
"ILEMUC08_HF_05","ILEMUC","HF",30,15,1,15,8,"CS1",15
"ILEMUC08_HF_06","ILEMUC","HF",18,13,0,20,12,"WL0",5
"ILEMUC08_HF_08","ILEMUC","HF",27,18,0,20,8,"WS0",9
"ILEMUC08_HF_09","ILEMUC","HF",13,8,1,20,12,"WL1",5
"ILEMUC08_HF_10","ILEMUC","HF",13,8,1,15,12,"CL1",5
"ILEMUC08_HF_11","ILEMUC","HF",42,33,0,15,8,"CS0",9
"ILEMUC08_HF_12","ILEMUC","HF",20,14,2,20,12,"WL2",6
"POPGRA01_SH_01","POPGRA","SH",44,15,1,15,8,"CS1",29
"POPGRA01_SH_02","POPGRA","SH",24,13,1,20,12,"WL1",11
"POPGRA01_SH_03","POPGRA","SH",68,48,0,15,12,"CL0",20
"POPGRA01_SH_04","POPGRA","SH",27,20,2,20,12,"WL2",7
"POPGRA01_SH_05","POPGRA","SH",56,34,0,20,8,"WS0",22
"POPGRA01_SH_06","POPGRA","SH",52,23,2,15,8,"CS2",29
"POPGRA01_SH_07","POPGRA","SH",31,24,2,20,8,"WS2",7
"POPGRA01_SH_08","POPGRA","SH",75,53,0,15,8,"CS0",22
"POPGRA01_SH_09","POPGRA","SH",37,23,2,15,12,"CL2",14
"POPGRA01_SH_11","POPGRA","SH",NA,NA,1,15,12,"CL1",NA
"POPGRA01_SH_12","POPGRA","SH",47,33,0,20,12,"WL0",14
"POPGRA02_HF_01","POPGRA","HF",30,17,1,15,12,"CL1",13
"POPGRA02_HF_02","POPGRA","HF",44,9,1,15,8,"CS1",35
"POPGRA02_HF_03","POPGRA","HF",NA,NA,2,15,12,"CL2",NA
"POPGRA02_HF_04","POPGRA","HF",27,14,2,20,12,"WL2",13
"POPGRA02_HF_05","POPGRA","HF",NA,NA,2,20,8,"WS2",NA
"POPGRA02_HF_06","POPGRA","HF",68,42,0,15,8,"CS0",26
"POPGRA02_HF_07","POPGRA","HF",33,33,0,20,12,"WL0",0
"POPGRA02_HF_08","POPGRA","HF",NA,NA,2,15,8,"CS2",NA
"POPGRA02_HF_09","POPGRA","HF",40,34,0,20,8,"WS0",6
"POPGRA02_HF_11","POPGRA","HF",17,8,1,20,12,"WL1",9
"POPGRA02_HF_12","POPGRA","HF",54,34,0,15,12,"CL0",20
"POPGRA02_SH_01","POPGRA","SH",61,43,0,15,12,"CL0",18
"POPGRA02_SH_03","POPGRA","SH",24,13,1,20,12,"WL1",11
"POPGRA02_SH_04","POPGRA","SH",56,40,0,20,8,"WS0",16
"POPGRA02_SH_05","POPGRA","SH",44,23,2,15,8,"CS2",21
"POPGRA02_SH_06","POPGRA","SH",51,37,1,15,12,"CL1",14
"POPGRA02_SH_07","POPGRA","SH",37,23,2,15,12,"CL2",14
"POPGRA02_SH_08","POPGRA","SH",31,24,2,20,8,"WS2",7
"POPGRA02_SH_09","POPGRA","SH",NA,NA,1,15,8,"CS1",NA
"POPGRA02_SH_10","POPGRA","SH",75,68,0,15,8,"CS0",7
"POPGRA02_SH_11","POPGRA","SH",42,33,0,20,12,"WL0",9
"POPGRA02_SH_12","POPGRA","SH",27,14,2,20,12,"WL2",13
"POPGRA03_HF_01","POPGRA","HF",47,39,0,20,12,"WL0",8
"POPGRA03_HF_02","POPGRA","HF",43,23,2,15,12,"CL2",20
"POPGRA03_HF_03","POPGRA","HF",68,54,0,15,12,"CL0",14
"POPGRA03_HF_04","POPGRA","HF",68,13,0,15,8,"CS0",55
"POPGRA03_HF_05","POPGRA","HF",56,43,0,20,8,"WS0",13
"POPGRA03_HF_06","POPGRA","HF",27,20,2,20,12,"WL2",7
"POPGRA03_HF_07","POPGRA","HF",NA,NA,2,15,8,"CS2",NA
"POPGRA03_HF_08","POPGRA","HF",31,24,1,20,12,"WL1",7
"POPGRA03_HF_09","POPGRA","HF",41,24,2,20,8,"WS2",17
"POPGRA03_HF_10","POPGRA","HF",44,23,1,15,8,"CS1",21
"POPGRA03_HF_11","POPGRA","HF",51,30,1,15,12,"CL1",21
"POPGRA04_SH_01","POPGRA","SH",52,30,2,15,8,"CS2",22
"POPGRA04_SH_02","POPGRA","SH",82,68,0,15,8,"CS0",14
"POPGRA04_SH_03","POPGRA","SH",NA,NA,1,20,12,"WL1",NA
"POPGRA04_SH_04","POPGRA","SH",68,68,0,20,8,"WS0",0
"POPGRA04_SH_05","POPGRA","SH",NA,NA,1,15,8,"CS1",NA
"POPGRA04_SH_06","POPGRA","SH",NA,37,2,15,12,"CL2",NA
"POPGRA04_SH_07","POPGRA","SH",NA,NA,2,20,12,"WL2",NA
"POPGRA04_SH_08","POPGRA","SH",51,30,1,15,12,"CL1",21
"POPGRA04_SH_10","POPGRA","SH",42,33,0,20,12,"WL0",9
"POPGRA04_SH_11","POPGRA","SH",68,54,0,15,12,"CL0",14
"POPGRA04_SH_12","POPGRA","SH",NA,NA,2,20,8,"WS2",NA
"POPGRA05_HF_01","POPGRA","HF",50,41,2,20,8,"WS2",9
"POPGRA05_HF_02","POPGRA","HF",47,39,0,20,12,"WL0",8
"POPGRA05_HF_03","POPGRA","HF",82,68,0,15,8,"CS0",14
"POPGRA05_HF_04","POPGRA","HF",36,27,2,20,12,"WL2",9
"POPGRA05_HF_05","POPGRA","HF",57,43,1,15,12,"CL1",14
"POPGRA05_HF_06","POPGRA","HF",NA,44,1,15,8,"CS1",NA
"POPGRA05_HF_07","POPGRA","HF",NA,43,2,15,12,"CL2",NA
"POPGRA05_HF_08","POPGRA","HF",82,68,0,15,12,"CL0",14
"POPGRA05_HF_10","POPGRA","HF",38,24,1,20,12,"WL1",14
"POPGRA05_HF_11","POPGRA","HF",NA,52,2,15,8,"CS2",NA
"POPGRA05_HF_12","POPGRA","HF",56,40,0,20,8,"WS0",16
"POPGRA05_SH_01","POPGRA","SH",NA,NA,2,20,12,"WL2",NA
"POPGRA05_SH_02","POPGRA","SH",44,23,1,15,8,"CS1",21
"POPGRA05_SH_03","POPGRA","SH",39,33,0,20,12,"WL0",6
"POPGRA05_SH_04","POPGRA","SH",68,48,0,15,12,"CL0",20
"POPGRA05_SH_05","POPGRA","SH",NA,NA,2,20,8,"WS2",NA
"POPGRA05_SH_07","POPGRA","SH",NA,NA,2,15,8,"CS2",NA
"POPGRA05_SH_08","POPGRA","SH",56,40,0,20,8,"WS0",16
"POPGRA05_SH_09","POPGRA","SH",NA,NA,2,15,12,"CL2",NA
"POPGRA05_SH_10","POPGRA","SH",24,13,1,20,12,"WL1",11
"POPGRA05_SH_11","POPGRA","SH",30,13,1,15,12,"CL1",17
"POPGRA05_SH_12","POPGRA","SH",NA,68,0,15,8,"CS0",NA
"POPGRA06_HF_01","POPGRA","HF",68,54,0,15,12,"CL0",14
"POPGRA06_HF_03","POPGRA","HF",43,30,1,15,12,"CL1",13
"POPGRA06_HF_04","POPGRA","HF",NA,44,2,15,8,"CS2",NA
"POPGRA06_HF_05","POPGRA","HF",NA,NA,1,15,8,"CS1",NA
"POPGRA06_HF_06","POPGRA","HF",41,31,2,20,8,"WS2",10
"POPGRA06_HF_07","POPGRA","HF",47,39,0,20,12,"WL0",8
"POPGRA06_HF_08","POPGRA","HF",68,68,0,15,8,"CS0",0
"POPGRA06_HF_09","POPGRA","HF",56,34,0,20,8,"WS0",22
"POPGRA06_HF_10","POPGRA","HF",50,37,2,15,12,"CL2",13
"POPGRA06_HF_11","POPGRA","HF",31,24,1,20,12,"WL1",7
"POPGRA06_HF_12","POPGRA","HF",36,27,2,20,12,"WL2",9
"POPGRA06_SH_01","POPGRA","SH",27,14,2,20,12,"WL2",13
"POPGRA06_SH_02","POPGRA","SH",44,23,1,15,8,"CS1",21
"POPGRA06_SH_03","POPGRA","SH",24,17,1,20,12,"WL1",7
"POPGRA06_SH_04","POPGRA","SH",NA,NA,2,15,12,"CL2",NA
"POPGRA06_SH_06","POPGRA","SH",NA,NA,2,20,8,"WS2",NA
"POPGRA06_SH_07","POPGRA","SH",56,40,0,20,8,"WS0",16
"POPGRA06_SH_08","POPGRA","SH",74,54,0,15,12,"CL0",20
"POPGRA06_SH_09","POPGRA","SH",NA,68,0,15,8,"CS0",NA
"POPGRA06_SH_10","POPGRA","SH",NA,NA,2,15,8,"CS2",NA
"POPGRA06_SH_11","POPGRA","SH",37,22,1,15,12,"CL1",15
"POPGRA06_SH_12","POPGRA","SH",47,39,0,20,12,"WL0",8
"POPGRA07_HF_01","POPGRA","HF",43,30,1,15,12,"CL1",13
"POPGRA07_HF_02","POPGRA","HF",52,44,1,15,8,"CS1",8
"POPGRA07_HF_03","POPGRA","HF",56,40,0,20,8,"WS0",16
"POPGRA07_HF_04","POPGRA","HF",6,6,0,20,12,"WL0",0
"POPGRA07_HF_06","POPGRA","HF",50,37,2,15,12,"CL2",13
"POPGRA07_HF_07","POPGRA","HF",NA,NA,2,20,12,"WL2",NA
"POPGRA07_HF_08","POPGRA","HF",31,24,1,20,12,"WL1",7
"POPGRA07_HF_09","POPGRA","HF",68,68,0,15,12,"CL0",0
"POPGRA07_HF_10","POPGRA","HF",NA,NA,2,20,8,"WS2",NA
"POPGRA07_HF_11","POPGRA","HF",68,13,0,15,8,"CS0",55
"POPGRA07_HF_12","POPGRA","HF",NA,30,2,15,8,"CS2",NA
"POPGRA08_SH_01","POPGRA","SH",24,13,1,20,12,"WL1",11
"POPGRA08_SH_03","POPGRA","SH",43,34,0,20,8,"WS0",9
"POPGRA08_SH_04","POPGRA","SH",22,13,1,15,12,"CL1",9
"POPGRA08_SH_05","POPGRA","SH",NA,NA,2,20,8,"WS2",NA
"POPGRA08_SH_06","POPGRA","SH",37,23,2,15,12,"CL2",14
"POPGRA08_SH_07","POPGRA","SH",44,15,1,15,8,"CS1",29
"POPGRA08_SH_08","POPGRA","SH",44,23,2,15,8,"CS2",21
"POPGRA08_SH_09","POPGRA","SH",61,40,0,15,12,"CL0",21
"POPGRA08_SH_10","POPGRA","SH",42,33,0,20,12,"WL0",9
"POPGRA08_SH_11","POPGRA","SH",75,13,0,15,8,"CS0",62
"POPGRA08_SH_12","POPGRA","SH",NA,NA,2,20,12,"WL2",NA
"QUERUB04_SH_01","QUERUB","SH",24,17,1,20,12,"WL1",7
"QUERUB04_SH_02","QUERUB","SH",44,30,2,15,8,"CS2",14
"QUERUB04_SH_03","QUERUB","SH",42,39,0,20,12,"WL0",3
"QUERUB04_SH_04","QUERUB","SH",54,43,0,15,12,"CL0",11
"QUERUB04_SH_06","QUERUB","SH",30,22,1,15,12,"CL1",8
"QUERUB04_SH_07","QUERUB","SH",37,23,2,15,12,"CL2",14
"QUERUB04_SH_08","QUERUB","SH",27,20,2,20,12,"WL2",7
"QUERUB04_SH_09","QUERUB","SH",43,40,0,20,8,"WS0",3
"QUERUB04_SH_10","QUERUB","SH",31,31,2,20,8,"WS2",0
"QUERUB04_SH_11","QUERUB","SH",75,68,0,15,8,"CS0",7
"QUERUB04_SH_12","QUERUB","SH",44,23,1,15,8,"CS1",21
"QUERUB05_SH_01","QUERUB","SH",37,22,1,15,12,"CL1",15
"QUERUB05_SH_02","QUERUB","SH",56,40,0,20,8,"WS0",16
"QUERUB05_SH_04","QUERUB","SH",NA,68,0,15,8,"CS0",NA
"QUERUB05_SH_05","QUERUB","SH",41,31,2,20,8,"WS2",10
"QUERUB05_SH_06","QUERUB","SH",37,23,2,15,12,"CL2",14
"QUERUB05_SH_07","QUERUB","SH",68,48,0,15,12,"CL0",20
"QUERUB05_SH_08","QUERUB","SH",36,27,2,20,12,"WL2",9
"QUERUB05_SH_09","QUERUB","SH",NA,30,2,15,8,"CS2",NA
"QUERUB05_SH_10","QUERUB","SH",44,23,1,15,8,"CS1",21
"QUERUB05_SH_11","QUERUB","SH",31,24,1,20,12,"WL1",7
"QUERUB05_SH_12","QUERUB","SH",47,39,0,20,12,"WL0",8
"QUERUB06_SH_01","QUERUB","SH",24,24,1,20,12,"WL1",0
"QUERUB06_SH_02","QUERUB","SH",44,30,1,15,8,"CS1",14
"QUERUB06_SH_03","QUERUB","SH",82,68,0,15,8,"CS0",14
"QUERUB06_SH_04","QUERUB","SH",27,27,2,20,12,"WL2",0
"QUERUB06_SH_05","QUERUB","SH",NA,NA,0,15,12,"CL0",NA
"QUERUB06_SH_06","QUERUB","SH",47,39,0,20,12,"WL0",8
"QUERUB06_SH_07","QUERUB","SH",56,56,0,20,8,"WS0",0
"QUERUB06_SH_08","QUERUB","SH",43,37,2,15,12,"CL2",6
"QUERUB06_SH_09","QUERUB","SH",41,31,2,20,8,"WS2",10
"QUERUB06_SH_10","QUERUB","SH",44,30,2,15,8,"CS2",14
"QUERUB06_SH_12","QUERUB","SH",37,22,1,15,12,"CL1",15
"QUERUB07_SH_01","QUERUB","SH",43,34,0,20,8,"WS0",9
"QUERUB07_SH_02","QUERUB","SH",44,23,2,15,8,"CS2",21
"QUERUB07_SH_03","QUERUB","SH",44,15,1,15,8,"CS1",29
"QUERUB07_SH_04","QUERUB","SH",NA,NA,0,15,8,"CS0",NA
"QUERUB07_SH_05","QUERUB","SH",53,53,0,20,12,"WL0",0
"QUERUB07_SH_06","QUERUB","SH",61,54,0,15,12,"CL0",7
"QUERUB07_SH_07","QUERUB","SH",31,24,2,20,8,"WS2",7
"QUERUB07_SH_08","QUERUB","SH",NA,NA,2,15,12,"CL2",NA
"QUERUB07_SH_10","QUERUB","SH",24,17,1,20,12,"WL1",7
"QUERUB07_SH_11","QUERUB","SH",30,17,1,15,12,"CL1",13
"QUERUB07_SH_12","QUERUB","SH",27,14,2,20,12,"WL2",13
"QUERUB08_SH_01","QUERUB","SH",82,68,0,15,8,"CS0",14
"QUERUB08_SH_02","QUERUB","SH",68,68,0,15,12,"CL0",0
"QUERUB08_SH_03","QUERUB","SH",42,39,0,20,12,"WL0",3
"QUERUB08_SH_04","QUERUB","SH",37,37,2,15,12,"CL2",0
"QUERUB08_SH_05","QUERUB","SH",31,24,1,20,12,"WL1",7
"QUERUB08_SH_06","QUERUB","SH",56,56,0,20,8,"WS0",0
"QUERUB08_SH_07","QUERUB","SH",44,44,2,15,8,"CS2",0
"QUERUB08_SH_08","QUERUB","SH",27,14,2,20,12,"WL2",13
"QUERUB08_SH_10","QUERUB","SH",51,30,1,15,12,"CL1",21
"QUERUB08_SH_11","QUERUB","SH",44,30,1,15,8,"CS1",14
"QUERUB08_SH_12","QUERUB","SH",41,31,2,20,8,"WS2",10
"QUERUB10_SH_01","QUERUB","SH",37,30,1,15,12,"CL1",7
"QUERUB10_SH_02","QUERUB","SH",41,31,2,20,8,"WS2",10
"QUERUB10_SH_03","QUERUB","SH",44,30,1,15,8,"CS1",14
"QUERUB10_SH_04","QUERUB","SH",56,13,0,20,8,"WS0",43
"QUERUB10_SH_05","QUERUB","SH",24,24,1,20,12,"WL1",0
"QUERUB10_SH_06","QUERUB","SH",47,42,0,20,12,"WL0",5
"QUERUB10_SH_07","QUERUB","SH",44,30,2,15,8,"CS2",14
"QUERUB10_SH_08","QUERUB","SH",68,68,0,15,8,"CS0",0
"QUERUB10_SH_10","QUERUB","SH",61,61,0,15,12,"CL0",0
"QUERUB10_SH_11","QUERUB","SH",NA,NA,2,20,12,"WL2",NA
"QUERUB10_SH_12","QUERUB","SH",30,23,2,15,12,"CL2",7
"QUERUB15_HF_01","QUERUB","HF",61,48,0,15,12,"CL0",13
"QUERUB15_HF_02","QUERUB","HF",44,30,1,15,8,"CS1",14
"QUERUB15_HF_03","QUERUB","HF",24,24,1,20,12,"WL1",0
"QUERUB15_HF_04","QUERUB","HF",41,31,2,20,8,"WS2",10
"QUERUB15_HF_05","QUERUB","HF",37,23,2,15,12,"CL2",14
"QUERUB15_HF_07","QUERUB","HF",NA,68,0,15,8,"CS0",NA
"QUERUB15_HF_08","QUERUB","HF",27,27,2,20,12,"WL2",0
"QUERUB15_HF_09","QUERUB","HF",37,22,1,15,12,"CL1",15
"QUERUB15_HF_10","QUERUB","HF",39,33,0,20,12,"WL0",6
"QUERUB15_HF_11","QUERUB","HF",56,40,0,20,8,"WS0",16
"QUERUB15_HF_12","QUERUB","HF",44,44,2,15,8,"CS2",0
"QUERUB16_HF_01","QUERUB","HF",NA,NA,1,20,12,"WL1",NA
"QUERUB16_HF_03","QUERUB","HF",44,23,1,15,8,"CS1",21
"QUERUB16_HF_04","QUERUB","HF",50,31,2,20,8,"WS2",19
"QUERUB16_HF_05","QUERUB","HF",39,33,0,20,12,"WL0",6
"QUERUB16_HF_06","QUERUB","HF",37,23,2,15,12,"CL2",14
"QUERUB16_HF_07","QUERUB","HF",30,22,1,15,12,"CL1",8
"QUERUB16_HF_08","QUERUB","HF",75,68,0,15,8,"CS0",7
"QUERUB16_HF_09","QUERUB","HF",52,30,2,15,8,"CS2",22
"QUERUB16_HF_10","QUERUB","HF",54,40,0,15,12,"CL0",14
"QUERUB16_HF_11","QUERUB","HF",36,27,2,20,12,"WL2",9
"QUERUB16_HF_12","QUERUB","HF",56,40,0,20,8,"WS0",16
"QUERUB17_HF_02","QUERUB","HF",75,68,0,15,8,"CS0",7
"QUERUB17_HF_03","QUERUB","HF",31,31,1,20,12,"WL1",0
"QUERUB17_HF_04","QUERUB","HF",44,30,2,15,8,"CS2",14
"QUERUB17_HF_05","QUERUB","HF",36,27,2,20,12,"WL2",9
"QUERUB17_HF_06","QUERUB","HF",42,42,0,20,12,"WL0",0
"QUERUB17_HF_07","QUERUB","HF",61,48,0,15,12,"CL0",13
"QUERUB17_HF_08","QUERUB","HF",43,40,0,20,8,"WS0",3
"QUERUB17_HF_09","QUERUB","HF",37,23,2,15,12,"CL2",14
"QUERUB17_HF_10","QUERUB","HF",41,31,2,20,8,"WS2",10
"QUERUB17_HF_11","QUERUB","HF",44,30,1,15,8,"CS1",14
"QUERUB17_HF_12","QUERUB","HF",37,22,1,15,12,"CL1",15
"QUERUB20_HF_01","QUERUB","HF",41,31,2,20,8,"WS2",10
"QUERUB20_HF_02","QUERUB","HF",31,24,1,20,12,"WL1",7
"QUERUB20_HF_03","QUERUB","HF",36,27,2,20,12,"WL2",9
"QUERUB20_HF_04","QUERUB","HF",NA,30,1,15,8,"CS1",NA
"QUERUB20_HF_05","QUERUB","HF",43,37,2,15,12,"CL2",6
"QUERUB20_HF_06","QUERUB","HF",30,30,1,15,12,"CL1",0
"QUERUB20_HF_07","QUERUB","HF",82,68,0,15,8,"CS0",14
"QUERUB20_HF_08","QUERUB","HF",NA,44,2,15,8,"CS2",NA
"QUERUB20_HF_09","QUERUB","HF",39,39,0,20,12,"WL0",0
"QUERUB20_HF_10","QUERUB","HF",68,56,0,20,8,"WS0",12
"QUERUB20_HF_11","QUERUB","HF",54,48,0,15,12,"CL0",6
"QUERUB21_HF_01","QUERUB","HF",NA,NA,0,15,12,"CL0",NA
"QUERUB21_HF_02","QUERUB","HF",50,37,2,15,12,"CL2",13
"QUERUB21_HF_03","QUERUB","HF",75,53,0,15,8,"CS0",22
"QUERUB21_HF_05","QUERUB","HF",56,43,0,20,8,"WS0",13
"QUERUB21_HF_06","QUERUB","HF",31,24,1,20,12,"WL1",7
"QUERUB21_HF_07","QUERUB","HF",39,33,0,20,12,"WL0",6
"QUERUB21_HF_08","QUERUB","HF",41,41,2,20,8,"WS2",0
"QUERUB21_HF_09","QUERUB","HF",52,44,2,15,8,"CS2",8
"QUERUB21_HF_10","QUERUB","HF",52,44,1,15,8,"CS1",8
"QUERUB21_HF_11","QUERUB","HF",36,27,2,20,12,"WL2",9
"QUERUB21_HF_12","QUERUB","HF",43,30,1,15,12,"CL1",13
"QUERUB23_HF_01","QUERUB","HF",36,27,2,20,12,"WL2",9
"QUERUB23_HF_02","QUERUB","HF",41,41,2,20,8,"WS2",0
"QUERUB23_HF_03","QUERUB","HF",NA,44,2,15,8,"CS2",NA
"QUERUB23_HF_04","QUERUB","HF",31,31,1,20,12,"WL1",0
"QUERUB23_HF_05","QUERUB","HF",61,54,0,15,12,"CL0",7
"QUERUB23_HF_06","QUERUB","HF",56,56,0,20,8,"WS0",0
"QUERUB23_HF_07","QUERUB","HF",39,33,0,20,12,"WL0",6
"QUERUB23_HF_08","QUERUB","HF",82,68,0,15,8,"CS0",14
"QUERUB23_HF_09","QUERUB","HF",43,30,1,15,12,"CL1",13
"QUERUB23_HF_10","QUERUB","HF",50,37,2,15,12,"CL2",13
"QUERUB23_HF_12","QUERUB","HF",52,44,1,15,8,"CS1",8
"ACEPEN01_HF_09","ACEPEN","HF",31,16,1,20,8,"WS1",15
"ACEPEN02_HF_08","ACEPEN","HF",56,16,1,20,8,"WS1",40
"ACEPEN03_HF_07","ACEPEN","HF",24,8,1,20,8,"WS1",16
"ACEPEN04_HF_04","ACEPEN","HF",31,16,1,20,8,"WS1",15
"ACEPEN04_SH_10","ACEPEN","SH",50,24,1,20,8,"WS1",26
"ACEPEN06_SH_12","ACEPEN","SH",31,16,1,20,8,"WS1",15
"ACEPEN07_SH_06","ACEPEN","SH",38,16,1,20,8,"WS1",22
"ACEPEN08_SH_08","ACEPEN","SH",50,24,1,20,8,"WS1",26
"ACEPEN09_SH_09","ACEPEN","SH",50,16,1,20,8,"WS1",34
"ACEPEN11_HF_10","ACEPEN","HF",38,24,1,20,8,"WS1",14
"ACEPEN11_SH_06","ACEPEN","SH",38,16,1,20,8,"WS1",22
"ACEPEN12_HF_09","ACEPEN","HF",38,24,1,20,8,"WS1",14
"ACERUB05_SH_12","ACERUB","SH",50,24,1,20,8,"WS1",26
"ACERUB06_SH_12","ACERUB","SH",56,16,1,20,8,"WS1",40
"ACERUB07_SH_05","ACERUB","SH",50,16,1,20,8,"WS1",34
"ACERUB08_SH_10","ACERUB","SH",24,16,1,20,8,"WS1",8
"ACERUB09_SH_04","ACERUB","SH",31,24,1,20,8,"WS1",7
"ACERUB10_HF_03","ACERUB","HF",56,50,1,20,8,"WS1",6
"ACERUB10_SH_12","ACERUB","SH",31,16,1,20,8,"WS1",15
"ACERUB11_HF_10","ACERUB","HF",24,16,1,20,8,"WS1",8
"ACERUB13_HF_05","ACERUB","HF",38,16,1,20,8,"WS1",22
"ACERUB14_HF_02","ACERUB","HF",50,24,1,20,8,"WS1",26
"ACERUB99_HF_03","ACERUB","HF",38,24,1,20,8,"WS1",14
"ACESAC02_HF_04","ACESAC","HF",38,38,1,20,8,"WS1",0
"ACESAC02_SH_12","ACESAC","SH",31,31,1,20,8,"WS1",0
"ACESAC03_SH_03","ACESAC","SH",NA,24,1,20,8,"WS1",NA
"ACESAC05_HF_08","ACESAC","HF",NA,50,1,20,8,"WS1",NA
"ACESAC06_HF_11","ACESAC","HF",NA,NA,1,20,8,"WS1",NA
"ACESAC07_HF_03","ACESAC","HF",NA,50,1,20,8,"WS1",NA
"ACESAC07_SH_06","ACESAC","SH",NA,NA,1,20,8,"WS1",NA
"ACESAC09_SH_08","ACESAC","SH",38,31,1,20,8,"WS1",7
"ACESAC10_HF_12","ACESAC","HF",NA,NA,1,20,8,"WS1",NA
"ACESAC10_SH_12","ACESAC","SH",38,31,1,20,8,"WS1",7
"ACESAC99_HF_07","ACESAC","HF",38,24,1,20,8,"WS1",14
"ACESAC99_SH_11","ACESAC","SH",50,38,1,20,8,"WS1",12
"BETALL01_SH_08","BETALL","SH",50,24,1,20,8,"WS1",26
"BETALL02_SH_03","BETALL","SH",38,24,1,20,8,"WS1",14
"BETALL03_SH_01","BETALL","SH",24,16,1,20,8,"WS1",8
"BETALL08_SH_12","BETALL","SH",24,16,1,20,8,"WS1",8
"BETALL09_SH_10","BETALL","SH",31,16,1,20,8,"WS1",15
"BETALL10_HF_07","BETALL","HF",38,24,1,20,8,"WS1",14
"BETALL10_SH_06","BETALL","SH",24,16,1,20,8,"WS1",8
"BETALL16_HF_12","BETALL","HF",24,16,1,20,8,"WS1",8
"BETALL17_HF_09","BETALL","HF",31,24,1,20,8,"WS1",7
"BETALL18_HF_10","BETALL","HF",31,16,1,20,8,"WS1",15
"BETALL19_HF_08","BETALL","HF",31,16,1,20,8,"WS1",15
"BETALL20_HF_08","BETALL","HF",24,16,1,20,8,"WS1",8
"BETPAP04_SH_11","BETPAP","SH",24,16,1,20,8,"WS1",8
"BETPAP06_HF_06","BETPAP","HF",24,16,1,20,8,"WS1",8
"BETPAP06_SH_12","BETPAP","SH",24,16,1,20,8,"WS1",8
"BETPAP07_HF_06","BETPAP","HF",16,16,1,20,8,"WS1",0
"BETPAP07_SH_07","BETPAP","SH",50,16,1,20,8,"WS1",34
"BETPAP08_SH_06","BETPAP","SH",56,16,1,20,8,"WS1",40
"BETPAP09_HF_07","BETPAP","HF",24,16,1,20,8,"WS1",8
"BETPAP09_SH_12","BETPAP","SH",24,16,1,20,8,"WS1",8
"BETPAP10_SH_05","BETPAP","SH",31,16,1,20,8,"WS1",15
"BETPAP13_HF_08","BETPAP","HF",24,16,1,20,8,"WS1",8
"BETPAP14_HF_04","BETPAP","HF",24,16,1,20,8,"WS1",8
"BETPAP15_HF_05","BETPAP","HF",NA,NA,1,20,8,"WS1",NA
"FAGGRA02_SH_05","FAGGRA","SH",56,50,1,20,8,"WS1",6
"FAGGRA03_HF_05","FAGGRA","HF",NA,38,1,20,8,"WS1",NA
"FAGGRA04_SH_01","FAGGRA","SH",NA,24,1,20,8,"WS1",NA
"FAGGRA05_SH_09","FAGGRA","SH",NA,NA,1,20,8,"WS1",NA
"FAGGRA06_SH_08","FAGGRA","SH",NA,56,1,20,8,"WS1",NA
"FAGGRA07_SH_06","FAGGRA","SH",NA,NA,1,20,8,"WS1",NA
"FAGGRA08_SH_02","FAGGRA","SH",50,50,1,20,8,"WS1",0
"FAGGRA09_HF_10","FAGGRA","HF",NA,50,1,20,8,"WS1",NA
"FAGGRA10_HF_05","FAGGRA","HF",56,50,1,20,8,"WS1",6
"FAGGRA11_HF_06","FAGGRA","HF",50,50,1,20,8,"WS1",0
"FAGGRA13_HF_02","FAGGRA","HF",56,38,1,20,8,"WS1",18
"FAGGRA14_HF_12","FAGGRA","HF",NA,50,1,20,8,"WS1",NA
"ILEMUC01_SH_12","ILEMUC","SH",24,16,1,20,8,"WS1",8
"ILEMUC03_HF_12","ILEMUC","HF",24,16,1,20,8,"WS1",8
"ILEMUC03_SH_05","ILEMUC","SH",31,16,1,20,8,"WS1",15
"ILEMUC04_HF_12","ILEMUC","HF",31,16,1,20,8,"WS1",15
"ILEMUC04_SH_12","ILEMUC","SH",24,16,1,20,8,"WS1",8
"ILEMUC05_HF_05","ILEMUC","HF",24,16,1,20,8,"WS1",8
"ILEMUC05_SH_07","ILEMUC","SH",24,16,1,20,8,"WS1",8
"ILEMUC06_HF_01","ILEMUC","HF",31,24,1,20,8,"WS1",7
"ILEMUC06_SH_02","ILEMUC","SH",24,16,1,20,8,"WS1",8
"ILEMUC07_HF_09","ILEMUC","HF",24,16,1,20,8,"WS1",8
"ILEMUC07_SH_03","ILEMUC","SH",24,16,1,20,8,"WS1",8
"ILEMUC08_HF_07","ILEMUC","HF",24,16,1,20,8,"WS1",8
"POPGRA01_SH_10","POPGRA","SH",38,24,1,20,8,"WS1",14
"POPGRA02_HF_10","POPGRA","HF",24,16,1,20,8,"WS1",8
"POPGRA02_SH_02","POPGRA","SH",31,16,1,20,8,"WS1",15
"POPGRA03_HF_12","POPGRA","HF",31,24,1,20,8,"WS1",7
"POPGRA04_SH_09","POPGRA","SH",50,38,1,20,8,"WS1",12
"POPGRA05_HF_09","POPGRA","HF",50,31,1,20,8,"WS1",19
"POPGRA05_SH_06","POPGRA","SH",24,16,1,20,8,"WS1",8
"POPGRA06_HF_02","POPGRA","HF",31,24,1,20,8,"WS1",7
"POPGRA06_SH_05","POPGRA","SH",31,24,1,20,8,"WS1",7
"POPGRA07_HF_05","POPGRA","HF",31,24,1,20,8,"WS1",7
"POPGRA08_SH_02","POPGRA","SH",31,16,1,20,8,"WS1",15
"QUERUB04_SH_05","QUERUB","SH",31,24,1,20,8,"WS1",7
"QUERUB05_SH_03","QUERUB","SH",38,24,1,20,8,"WS1",14
"QUERUB06_SH_11","QUERUB","SH",31,24,1,20,8,"WS1",7
"QUERUB07_SH_09","QUERUB","SH",31,24,1,20,8,"WS1",7
"QUERUB08_SH_09","QUERUB","SH",38,24,1,20,8,"WS1",14
"QUERUB10_SH_09","QUERUB","SH",31,24,1,20,8,"WS1",7
"QUERUB15_HF_06","QUERUB","HF",31,24,1,20,8,"WS1",7
"QUERUB16_HF_02","QUERUB","HF",31,24,1,20,8,"WS1",7
"QUERUB17_HF_01","QUERUB","HF",31,24,1,20,8,"WS1",7
"QUERUB20_HF_12","QUERUB","HF",31,24,1,20,8,"WS1",7
"QUERUB21_HF_04","QUERUB","HF",NA,NA,1,20,8,"WS1",NA
"QUERUB23_HF_11","QUERUB","HF",38,24,1,20,8,"WS1",14
